Request_ID,Timestamp,Service,Environment,Region,HTTP_Method,Status_Code,Latency_ms,CPU_Usage_pct,Payload_KB
REQ-00001,2026-03-26 16:38:00,User Service,Production,Bangalore,GET,200,237.9,3.48,100
REQ-00002,2026-05-13 20:55:00,User Service,Staging,Hyderabad,DELETE,200,290.5,0.1,444
REQ-00003,2026-06-13 17:56:00,Payment Service,Production,Hyderabad,GET,201,101.5,1.88,175
REQ-00004,2026-04-26 20:45:00,API Gateway,Production,Bangalore,PUT,200,210.4,2.75,329
REQ-00005,2026-05-27 14:30:00,API Gateway,Production,Hyderabad,GET,502,94.7,0.58,264
REQ-00006,2026-03-18 17:50:00,API Gateway,Production,Hyderabad,GET,200,236.4,2.13,106
REQ-00007,2026-02-06 19:15:00,API Gateway,Production,Bangalore,POST,503,405.3,3.85,213
REQ-00008,2026-01-17 03:27:00,User Service,Production,Mumbai,GET,201,261.8,2.22,41
REQ-00009,2026-01-27 10:04:00,User Service,Production,Mumbai,POST,200,244.2,3.71,41
REQ-00010,2026-05-08 07:23:00,Notification Service,Production,Hyderabad,GET,201,312.1,2.71,293
REQ-00011,2026-06-07 22:26:00,Payment Service,Staging,Bangalore,POST,200,136.8,2.29,255
REQ-00012,2026-03-19 01:49:00,Payment Service,Production,Pune,GET,201,415.8,0.89,352
REQ-00013,2026-06-22 14:30:00,Payment Service,Production,Bangalore,POST,201,249.9,0.99,160
REQ-00014,2026-05-28 18:46:00,Auth Service,Staging,Mumbai,GET,200,156.6,0.51,284
REQ-00015,2026-03-08 03:39:00,API Gateway,Production,Mumbai,GET,200,162.7,0.53,377
REQ-00016,2026-05-18 10:34:00,Auth Service,Staging,Bangalore,GET,429,169.4,2.18,318
REQ-00017,2026-01-03 14:28:00,User Service,Production,Hyderabad,POST,200,170.8,1.52,497
REQ-00018,2026-01-28 07:53:00,Notification Service,Production,Mumbai,GET,200,214.0,3.99,187
REQ-00019,2026-01-19 13:36:00,Notification Service,Production,Pune,GET,200,244.4,2.01,160
REQ-00020,2026-04-20 07:01:00,API Gateway,Production,Bangalore,GET,400,167.8,3.23,325
REQ-00021,2026-05-08 04:35:00,Notification Service,Production,Bangalore,GET,200,285.9,0.26,148
REQ-00022,2026-04-03 23:23:00,User Service,Production,Bangalore,GET,200,242.0,0.48,489
REQ-00023,2026-02-28 22:56:00,Auth Service,Production,Pune,DELETE,200,158.9,3.52,99
REQ-00024,2026-04-13 13:58:00,User Service,Production,Hyderabad,GET,429,264.5,3.99,254
REQ-00025,2026-06-28 22:35:00,Payment Service,Staging,Hyderabad,PUT,500,505.7,3.14,408
REQ-00026,2026-04-22 08:51:00,API Gateway,Staging,Hyderabad,POST,200,137.3,1.55,473
REQ-00027,2026-05-28 23:30:00,Notification Service,Production,Mumbai,GET,200,240.0,2.88,289
REQ-00028,2026-06-23 18:53:00,Auth Service,Production,Bangalore,POST,404,64.2,1.3,176
REQ-00029,2026-05-20 16:43:00,Payment Service,Staging,Bangalore,PUT,201,368.3,2.56,226
REQ-00030,2026-05-05 15:16:00,Payment Service,Production,Mumbai,GET,201,185.8,2.05,4
REQ-00031,2026-03-13 11:46:00,User Service,Production,Pune,GET,200,209.3,0.16,280
REQ-00032,2026-01-03 09:00:00,Auth Service,Staging,Bangalore,GET,503,319.1,0.84,161
REQ-00033,2026-03-23 22:55:00,Payment Service,Staging,Pune,GET,200,418.2,2.5,342
REQ-00034,2026-01-13 13:10:00,API Gateway,Staging,Mumbai,PUT,200,163.1,0.63,246
REQ-00035,2026-06-14 09:19:00,Payment Service,Production,Hyderabad,POST,200,181.0,2.06,173
REQ-00036,2026-06-29 05:07:00,Payment Service,Production,Hyderabad,PUT,401,274.3,0.21,354
REQ-00037,2026-05-26 15:29:00,Payment Service,Staging,Pune,POST,400,238.2,0.22,180
REQ-00038,2026-02-18 19:53:00,User Service,Production,Mumbai,PUT,200,183.2,1.16,108
REQ-00039,2026-03-21 15:32:00,Payment Service,Production,Hyderabad,DELETE,500,544.1,2.11,158
REQ-00040,2026-06-04 18:26:00,User Service,Production,Bangalore,GET,200,134.1,0.82,318
REQ-00041,2026-05-08 03:02:00,Auth Service,Production,Mumbai,POST,400,79.3,1.19,272
REQ-00042,2026-04-11 09:32:00,User Service,Production,Bangalore,GET,201,189.8,2.31,435
REQ-00043,2026-04-11 05:56:00,API Gateway,Production,Pune,GET,200,215.2,1.65,10
REQ-00044,2026-05-27 07:17:00,Payment Service,Production,Pune,DELETE,200,373.8,2.05,325
REQ-00045,2026-01-12 08:44:00,API Gateway,Production,Bangalore,PUT,200,169.8,2.74,163
REQ-00046,2026-04-26 11:07:00,API Gateway,Staging,Hyderabad,GET,429,183.1,3.85,330
REQ-00047,2026-02-27 15:06:00,API Gateway,Production,Hyderabad,GET,200,194.2,2.76,418
REQ-00048,2026-02-09 21:38:00,Auth Service,Production,Mumbai,DELETE,200,115.6,0.25,217
REQ-00049,2026-02-12 03:32:00,Notification Service,Production,Bangalore,GET,201,367.5,1.55,487
REQ-00050,2026-04-26 06:23:00,Auth Service,Production,Mumbai,POST,502,136.9,1.03,286
REQ-00051,2026-03-19 16:48:00,Payment Service,Production,Hyderabad,GET,200,181.6,3.63,76
REQ-00052,2026-05-20 13:28:00,Auth Service,Production,Bangalore,GET,503,230.0,0.46,396
REQ-00053,2026-06-02 21:44:00,Payment Service,Staging,Mumbai,POST,200,482.5,2.51,253
REQ-00054,2026-05-02 18:13:00,API Gateway,Production,Pune,PUT,401,200.4,0.67,29
REQ-00055,2026-06-28 14:28:00,API Gateway,Production,Hyderabad,GET,201,194.6,0.43,445
REQ-00056,2026-06-22 16:43:00,Payment Service,Staging,Bangalore,GET,200,303.2,1.09,242
REQ-00057,2026-04-08 13:47:00,Payment Service,Production,Bangalore,POST,404,378.0,3.85,191
REQ-00058,2026-06-10 08:27:00,Auth Service,Staging,Hyderabad,DELETE,500,229.2,2.27,303
REQ-00059,2026-03-30 23:48:00,API Gateway,Production,Bangalore,POST,502,325.1,2.81,415
REQ-00060,2026-05-08 15:28:00,Payment Service,Staging,Mumbai,PUT,201,345.6,3.84,272
REQ-00061,2026-01-15 21:27:00,Auth Service,Production,Hyderabad,GET,200,101.3,2.38,220
REQ-00062,2026-06-12 17:40:00,Notification Service,Production,Mumbai,GET,503,409.3,2.45,240
REQ-00063,2026-02-27 12:44:00,API Gateway,Production,Mumbai,GET,200,173.8,3.74,242
REQ-00064,2026-02-09 06:50:00,API Gateway,Production,Mumbai,POST,200,212.7,3.94,267
REQ-00065,2026-02-13 06:12:00,User Service,Production,Mumbai,GET,200,225.2,1.17,496
REQ-00066,2026-05-05 07:18:00,Notification Service,Staging,Pune,PUT,429,336.3,2.38,53
REQ-00067,2026-01-08 13:56:00,User Service,Production,Mumbai,POST,200,166.5,0.99,369
REQ-00068,2026-05-03 15:35:00,Payment Service,Production,Pune,POST,200,261.8,1.96,259
REQ-00069,2026-03-07 07:54:00,Auth Service,Production,Bangalore,POST,429,156.2,2.52,66
REQ-00070,2026-06-05 01:46:00,API Gateway,Production,Pune,POST,200,247.6,2.58,335
REQ-00071,2026-04-18 06:18:00,API Gateway,Staging,Pune,POST,401,77.7,3.46,133
REQ-00072,2026-03-13 15:56:00,API Gateway,Production,Hyderabad,GET,502,471.8,2.52,450
REQ-00073,2026-02-18 11:56:00,API Gateway,Production,Hyderabad,GET,201,204.4,0.64,8
REQ-00074,2026-02-10 10:43:00,API Gateway,Staging,Bangalore,POST,200,76.0,3.9,61
REQ-00075,2026-03-26 08:25:00,API Gateway,Production,Pune,GET,429,115.5,1.9,346
REQ-00076,2026-06-05 18:21:00,Auth Service,Production,Mumbai,GET,200,89.0,1.98,214
REQ-00077,2026-04-09 07:10:00,Payment Service,Production,Hyderabad,POST,200,336.0,2.51,471
REQ-00078,2026-02-16 23:41:00,Payment Service,Production,Hyderabad,GET,404,323.2,2.78,407
REQ-00079,2026-02-28 19:57:00,User Service,Production,Hyderabad,GET,200,188.9,1.57,202
REQ-00080,2026-01-01 17:42:00,Auth Service,Production,Hyderabad,GET,200,175.4,1.44,25
REQ-00081,2026-03-17 01:39:00,Auth Service,Production,Bangalore,POST,400,240.9,1.78,83
REQ-00082,2026-05-28 14:01:00,Auth Service,Production,Pune,GET,200,115.5,2.04,454
REQ-00083,2026-01-03 15:32:00,Notification Service,Production,Pune,GET,200,206.8,1.21,95
REQ-00084,2026-05-31 12:07:00,Notification Service,Production,Hyderabad,POST,200,161.9,3.99,6
REQ-00085,2026-03-26 20:17:00,Payment Service,Production,Bangalore,POST,502,971.7,1.19,300
REQ-00086,2026-04-06 12:21:00,Notification Service,Production,Hyderabad,GET,401,244.8,0.55,90
REQ-00087,2026-02-24 11:57:00,Auth Service,Production,Mumbai,GET,201,137.4,1.87,261
REQ-00088,2026-03-03 01:58:00,Payment Service,Production,Hyderabad,GET,200,211.5,2.76,273
REQ-00089,2026-06-22 15:04:00,Payment Service,Staging,Pune,POST,200,161.4,1.69,373
REQ-00090,2026-04-07 23:19:00,Notification Service,Production,Mumbai,POST,200,177.7,2.34,320
REQ-00091,2026-03-02 16:28:00,API Gateway,Production,Mumbai,GET,429,155.4,2.57,62
REQ-00092,2026-01-15 07:31:00,Auth Service,Production,Hyderabad,GET,201,123.0,1.57,179
REQ-00093,2026-02-20 22:20:00,Auth Service,Staging,Bangalore,POST,404,78.1,0.36,104
REQ-00094,2026-04-04 19:30:00,Payment Service,Production,Bangalore,GET,200,321.4,0.64,15
REQ-00095,2026-03-25 15:10:00,Payment Service,Production,Mumbai,POST,201,336.3,3.14,289
REQ-00096,2026-03-13 23:57:00,API Gateway,Production,Pune,GET,401,192.5,3.3,159
REQ-00097,2026-04-22 11:58:00,User Service,Production,Bangalore,GET,200,285.7,3.11,411
REQ-00098,2026-04-13 11:10:00,Payment Service,Production,Bangalore,GET,201,280.2,0.81,330
REQ-00099,2026-06-17 00:07:00,Payment Service,Production,Mumbai,GET,200,378.6,0.49,481
REQ-00100,2026-05-11 13:34:00,User Service,Production,Hyderabad,POST,201,206.7,3.7,328
REQ-00101,2026-01-01 02:06:00,API Gateway,Production,Hyderabad,PUT,201,112.4,3.65,257
REQ-00102,2026-02-23 04:29:00,API Gateway,Production,Bangalore,DELETE,200,275.1,3.49,55
REQ-00103,2026-04-29 07:14:00,Payment Service,Staging,Mumbai,POST,200,305.8,0.55,244
REQ-00104,2026-05-06 12:40:00,Notification Service,Production,Bangalore,POST,502,366.7,0.98,364
REQ-00105,2026-03-30 16:58:00,API Gateway,Staging,Mumbai,POST,200,44.1,1.18,154
REQ-00106,2026-04-09 05:47:00,API Gateway,Staging,Mumbai,GET,200,177.3,1.72,476
REQ-00107,2026-04-16 23:58:00,Notification Service,Production,Bangalore,POST,200,202.6,1.46,158
REQ-00108,2026-02-11 10:36:00,Payment Service,Staging,Bangalore,GET,200,333.4,3.12,175
REQ-00109,2026-06-28 11:29:00,Payment Service,Production,Mumbai,GET,200,431.6,0.39,131
REQ-00110,2026-02-24 14:23:00,Auth Service,Staging,Bangalore,GET,502,101.4,2.89,349
REQ-00111,2026-03-18 02:15:00,API Gateway,Production,Pune,GET,200,216.4,2.32,51
REQ-00112,2026-04-18 19:12:00,Payment Service,Staging,Hyderabad,POST,401,218.8,3.44,491
REQ-00113,2026-01-09 10:55:00,Auth Service,Staging,Bangalore,POST,400,114.2,2.97,85
REQ-00114,2026-05-09 02:26:00,API Gateway,Production,Mumbai,PUT,500,244.7,1.43,234
REQ-00115,2026-04-12 16:30:00,Auth Service,Production,Pune,GET,201,169.6,3.46,355
REQ-00116,2026-03-25 13:07:00,Notification Service,Production,Pune,POST,404,151.1,3.59,128
REQ-00117,2026-04-28 03:11:00,Auth Service,Production,Bangalore,GET,200,152.1,2.62,494
REQ-00118,2026-03-23 01:39:00,API Gateway,Production,Pune,PUT,502,177.4,0.56,356
REQ-00119,2026-05-11 20:56:00,Auth Service,Production,Pune,GET,201,180.3,1.13,287
REQ-00120,2026-05-29 08:37:00,User Service,Production,Mumbai,GET,200,237.8,3.67,410
REQ-00121,2026-03-12 08:52:00,Auth Service,Production,Pune,GET,200,126.4,3.36,11
REQ-00122,2026-03-04 05:19:00,Notification Service,Production,Pune,POST,401,263.9,2.69,246
REQ-00123,2026-06-06 17:25:00,User Service,Production,Mumbai,GET,200,176.2,2.53,450
REQ-00124,2026-04-03 01:56:00,Auth Service,Production,Mumbai,POST,200,144.8,1.8,39
REQ-00125,2026-01-17 21:54:00,User Service,Production,Bangalore,GET,429,146.0,3.25,305
REQ-00126,2026-04-26 20:44:00,User Service,Production,Hyderabad,POST,400,264.7,3.5,264
REQ-00127,2026-04-10 12:46:00,User Service,Production,Mumbai,POST,400,259.0,2.8,489
REQ-00128,2026-03-27 05:32:00,User Service,Production,Mumbai,GET,200,237.0,2.31,250
REQ-00129,2026-05-29 04:22:00,API Gateway,Staging,Bangalore,POST,400,202.5,3.01,372
REQ-00130,2026-01-18 17:10:00,Payment Service,Production,Pune,POST,201,300.9,1.0,188
REQ-00131,2026-05-11 16:44:00,API Gateway,Production,Bangalore,PUT,400,243.3,2.2,470
REQ-00132,2026-03-22 06:48:00,User Service,Production,Hyderabad,GET,201,157.4,0.2,170
REQ-00133,2026-05-17 21:53:00,API Gateway,Staging,Hyderabad,GET,500,431.6,0.45,318
REQ-00134,2026-02-21 08:52:00,Payment Service,Production,Mumbai,POST,201,324.2,1.73,359
REQ-00135,2026-06-23 17:55:00,User Service,Production,Hyderabad,POST,200,192.3,2.4,432
REQ-00136,2026-06-04 02:08:00,Notification Service,Production,Mumbai,POST,200,193.7,0.95,293
REQ-00137,2026-03-28 19:08:00,Auth Service,Staging,Bangalore,DELETE,201,172.6,1.0,148
REQ-00138,2026-06-20 13:16:00,Payment Service,Production,Pune,GET,201,338.6,1.6,425
REQ-00139,2026-04-21 00:48:00,Notification Service,Production,Mumbai,DELETE,429,286.1,3.98,61
REQ-00140,2026-05-01 19:06:00,Auth Service,Production,Hyderabad,PUT,404,186.8,1.91,269
REQ-00141,2026-01-06 01:27:00,User Service,Production,Mumbai,PUT,200,78.0,3.83,332
REQ-00142,2026-03-07 12:57:00,User Service,Production,Bangalore,GET,400,158.4,1.09,38
REQ-00143,2026-05-27 17:11:00,User Service,Production,Hyderabad,GET,200,242.4,3.42,40
REQ-00144,2026-04-08 15:08:00,Payment Service,Staging,Hyderabad,POST,201,323.5,2.22,461
REQ-00145,2026-03-11 04:16:00,Notification Service,Staging,Mumbai,GET,429,315.3,1.03,181
REQ-00146,2026-03-19 15:05:00,API Gateway,Production,Mumbai,PUT,400,201.3,3.5,499
REQ-00147,2026-05-09 17:34:00,User Service,Production,Hyderabad,POST,200,280.9,3.05,12
REQ-00148,2026-04-24 23:34:00,API Gateway,Production,Mumbai,POST,200,138.8,1.11,188
REQ-00149,2026-04-27 22:23:00,Payment Service,Production,Hyderabad,PUT,404,343.9,1.63,335
REQ-00150,2026-03-05 10:37:00,User Service,Production,Hyderabad,GET,429,186.4,1.27,17
REQ-00151,2026-05-27 20:27:00,API Gateway,Production,Pune,DELETE,201,240.2,2.74,204
REQ-00152,2026-02-23 19:15:00,Payment Service,Production,Mumbai,GET,201,183.5,1.36,79
REQ-00153,2026-06-29 03:11:00,User Service,Staging,Mumbai,GET,400,110.0,3.43,271
REQ-00154,2026-01-30 01:26:00,User Service,Staging,Bangalore,POST,200,186.1,2.65,27
REQ-00155,2026-02-06 18:10:00,Notification Service,Production,Bangalore,DELETE,200,295.5,3.06,453
REQ-00156,2026-03-31 03:46:00,Auth Service,Production,Pune,GET,200,136.1,0.22,281
REQ-00157,2026-02-27 10:31:00,Auth Service,Staging,Mumbai,GET,500,221.4,1.87,50
REQ-00158,2026-04-23 08:19:00,API Gateway,Production,Hyderabad,DELETE,429,178.5,2.5,46
REQ-00159,2026-01-01 08:46:00,Payment Service,Production,Pune,GET,200,353.6,0.73,214
REQ-00160,2026-01-04 13:09:00,Auth Service,Production,Hyderabad,POST,201,110.3,0.15,274
REQ-00161,2026-04-20 11:41:00,Auth Service,Production,Mumbai,DELETE,200,77.9,3.64,267
REQ-00162,2026-04-24 22:13:00,User Service,Production,Pune,GET,200,254.7,2.05,86
REQ-00163,2026-03-08 21:47:00,User Service,Production,Mumbai,PUT,201,158.5,1.5,103
REQ-00164,2026-03-17 12:17:00,Notification Service,Production,Bangalore,GET,200,252.6,0.75,305
REQ-00165,2026-02-05 10:47:00,Payment Service,Production,Hyderabad,DELETE,401,325.3,2.54,84
REQ-00166,2026-04-11 11:41:00,Payment Service,Production,Hyderabad,POST,200,262.0,3.29,410
REQ-00167,2026-01-24 09:02:00,Payment Service,Production,Bangalore,POST,201,286.9,1.97,243
REQ-00168,2026-04-20 14:17:00,Auth Service,Production,Mumbai,POST,200,148.0,2.67,307
REQ-00169,2026-06-03 10:51:00,Payment Service,Production,Bangalore,GET,401,323.4,1.73,207
REQ-00170,2026-06-09 12:48:00,User Service,Staging,Pune,POST,200,217.1,1.76,4
REQ-00171,2026-06-28 06:51:00,Auth Service,Production,Pune,POST,503,151.7,3.19,295
REQ-00172,2026-04-10 11:53:00,Notification Service,Production,Bangalore,POST,200,390.1,2.56,399
REQ-00173,2026-02-09 14:56:00,API Gateway,Production,Pune,GET,401,196.3,1.68,14
REQ-00174,2026-05-20 17:27:00,Payment Service,Production,Mumbai,GET,400,293.9,3.88,66
REQ-00175,2026-02-14 21:54:00,User Service,Staging,Bangalore,GET,200,182.5,3.55,118
REQ-00176,2026-02-27 01:49:00,Auth Service,Production,Mumbai,GET,200,153.6,1.07,171
REQ-00177,2026-04-18 08:11:00,User Service,Production,Mumbai,POST,200,259.8,1.84,367
REQ-00178,2026-05-18 17:50:00,Payment Service,Production,Pune,GET,201,429.5,2.17,20
REQ-00179,2026-01-01 04:41:00,API Gateway,Production,Mumbai,POST,200,216.9,2.78,276
REQ-00180,2026-06-22 13:40:00,Payment Service,Production,Mumbai,POST,400,312.8,3.48,223
REQ-00181,2026-02-09 05:43:00,Payment Service,Production,Mumbai,GET,200,241.9,3.77,380
REQ-00182,2026-04-05 03:02:00,API Gateway,Production,Mumbai,GET,200,200.3,3.49,86
REQ-00183,2026-06-21 11:58:00,User Service,Production,Hyderabad,PUT,500,371.4,3.1,475
REQ-00184,2026-05-01 18:15:00,User Service,Staging,Pune,GET,502,416.8,2.64,90
REQ-00185,2026-01-06 15:25:00,User Service,Production,Mumbai,GET,503,533.5,2.64,102
REQ-00186,2026-01-21 06:05:00,Notification Service,Staging,Mumbai,POST,200,232.3,1.8,331
REQ-00187,2026-01-03 13:52:00,API Gateway,Production,Hyderabad,POST,201,115.6,2.43,224
REQ-00188,2026-03-07 01:20:00,Payment Service,Production,Hyderabad,POST,200,172.7,2.52,430
REQ-00189,2026-02-23 20:56:00,Auth Service,Production,Hyderabad,GET,500,51.5,2.15,463
REQ-00190,2026-04-10 01:15:00,Payment Service,Production,Pune,POST,200,525.3,3.83,493
REQ-00191,2026-01-18 01:56:00,API Gateway,Production,Bangalore,GET,200,218.3,0.87,141
REQ-00192,2026-06-29 12:37:00,API Gateway,Production,Mumbai,GET,200,194.2,1.3,239
REQ-00193,2026-04-11 08:59:00,Payment Service,Production,Hyderabad,PUT,200,455.7,2.14,263
REQ-00194,2026-03-21 04:14:00,Notification Service,Production,Bangalore,GET,429,304.1,2.31,298
REQ-00195,2026-03-25 03:35:00,Notification Service,Production,Pune,GET,200,265.7,0.11,406
REQ-00196,2026-04-18 11:01:00,Payment Service,Production,Bangalore,POST,201,442.2,1.7,125
REQ-00197,2026-01-22 19:21:00,Notification Service,Production,Bangalore,PUT,200,302.3,2.72,345
REQ-00198,2026-02-15 14:41:00,User Service,Production,Mumbai,GET,200,168.8,2.97,226
REQ-00199,2026-06-06 21:52:00,API Gateway,Production,Hyderabad,POST,200,182.2,1.1,77
REQ-00200,2026-06-13 21:48:00,API Gateway,Production,Bangalore,POST,200,172.6,1.68,374
REQ-00201,2026-06-02 14:52:00,User Service,Production,Bangalore,POST,400,227.8,1.13,229
REQ-00202,2026-03-19 01:04:00,Payment Service,Production,Pune,GET,200,272.1,0.37,49
REQ-00203,2026-02-14 15:55:00,API Gateway,Staging,Pune,POST,429,191.8,1.0,58
REQ-00204,2026-06-14 10:42:00,API Gateway,Production,Pune,POST,200,101.6,2.95,286
REQ-00205,2026-02-07 01:23:00,API Gateway,Production,Pune,GET,201,130.1,3.31,12
REQ-00206,2026-04-22 09:20:00,Auth Service,Production,Bangalore,GET,503,275.8,0.69,5
REQ-00207,2026-06-24 21:39:00,Notification Service,Production,Pune,POST,201,255.3,3.47,272
REQ-00208,2026-01-08 10:19:00,User Service,Production,Mumbai,GET,401,282.2,1.43,361
REQ-00209,2026-06-20 21:40:00,Auth Service,Production,Pune,POST,200,191.4,2.11,419
REQ-00210,2026-03-04 20:37:00,Payment Service,Production,Bangalore,GET,503,663.7,2.2,429
REQ-00211,2026-01-25 00:34:00,User Service,Production,Pune,GET,201,168.7,1.67,66
REQ-00212,2026-05-11 00:26:00,User Service,Staging,Hyderabad,DELETE,200,235.5,2.34,253
REQ-00213,2026-02-14 15:49:00,Auth Service,Staging,Pune,GET,201,119.8,1.53,392
REQ-00214,2026-03-12 07:48:00,API Gateway,Staging,Hyderabad,POST,200,227.0,0.58,92
REQ-00215,2026-05-25 19:24:00,Notification Service,Production,Pune,POST,500,361.1,0.69,499
REQ-00216,2026-05-27 03:16:00,User Service,Production,Bangalore,POST,200,183.0,2.52,463
REQ-00217,2026-04-19 09:44:00,Payment Service,Production,Mumbai,POST,200,251.0,3.99,273
REQ-00218,2026-05-01 23:00:00,Payment Service,Production,Hyderabad,PUT,200,269.8,2.92,485
REQ-00219,2026-01-23 11:31:00,Auth Service,Production,Bangalore,POST,400,154.9,3.1,183
REQ-00220,2026-02-18 14:57:00,API Gateway,Production,Mumbai,POST,200,70.4,0.63,423
REQ-00221,2026-06-04 05:24:00,API Gateway,Production,Bangalore,POST,200,129.9,1.14,117
REQ-00222,2026-03-04 10:01:00,API Gateway,Production,Bangalore,GET,500,257.6,1.64,422
REQ-00223,2026-06-28 03:53:00,User Service,Production,Pune,DELETE,502,453.9,1.09,232
REQ-00224,2026-06-04 03:32:00,User Service,Production,Pune,POST,200,144.1,2.49,444
REQ-00225,2026-06-23 09:26:00,Payment Service,Production,Mumbai,GET,200,327.9,3.01,385
REQ-00226,2026-01-06 09:48:00,User Service,Production,Hyderabad,POST,200,311.3,1.48,366
REQ-00227,2026-02-03 13:55:00,Auth Service,Production,Mumbai,POST,404,99.0,3.34,8
REQ-00228,2026-04-05 19:11:00,Auth Service,Production,Mumbai,GET,200,161.0,3.1,409
REQ-00229,2026-04-26 10:16:00,Auth Service,Production,Mumbai,DELETE,200,151.0,1.97,255
REQ-00230,2026-05-12 02:25:00,Auth Service,Production,Pune,POST,200,103.7,2.37,351
REQ-00231,2026-02-18 06:39:00,User Service,Staging,Bangalore,GET,400,188.5,1.57,334
REQ-00232,2026-02-08 11:39:00,Auth Service,Production,Hyderabad,GET,200,107.1,0.87,174
REQ-00233,2026-02-28 09:20:00,Payment Service,Staging,Mumbai,POST,200,347.2,2.58,149
REQ-00234,2026-01-12 02:37:00,User Service,Production,Hyderabad,GET,401,225.6,1.35,150
REQ-00235,2026-05-31 22:02:00,Auth Service,Production,Hyderabad,PUT,201,118.8,0.93,499
REQ-00236,2026-05-04 07:18:00,User Service,Production,Mumbai,POST,401,228.5,2.49,118
REQ-00237,2026-02-28 07:46:00,API Gateway,Production,Hyderabad,POST,200,230.5,0.14,129
REQ-00238,2026-02-08 07:07:00,User Service,Production,Pune,POST,503,288.5,1.31,405
REQ-00239,2026-04-27 12:47:00,User Service,Production,Hyderabad,GET,201,152.0,3.07,54
REQ-00240,2026-04-26 22:03:00,User Service,Staging,Mumbai,POST,200,297.4,3.05,223
REQ-00241,2026-01-04 13:10:00,Payment Service,Production,Pune,PUT,200,294.2,2.41,293
REQ-00242,2026-02-21 00:05:00,Auth Service,Production,Pune,GET,400,103.1,0.81,429
REQ-00243,2026-04-12 16:51:00,Auth Service,Production,Hyderabad,POST,500,274.2,2.45,162
REQ-00244,2026-01-12 03:09:00,User Service,Staging,Mumbai,POST,200,214.8,0.68,152
REQ-00245,2026-01-30 05:32:00,User Service,Production,Pune,GET,503,417.2,1.79,146
REQ-00246,2026-03-10 20:14:00,API Gateway,Production,Bangalore,POST,201,155.1,1.27,161
REQ-00247,2026-05-13 13:04:00,Payment Service,Staging,Hyderabad,GET,200,368.8,2.33,400
REQ-00248,2026-06-15 13:24:00,API Gateway,Production,Mumbai,POST,200,132.5,2.38,118
REQ-00249,2026-04-26 16:37:00,Payment Service,Staging,Mumbai,POST,200,412.6,1.8,192
REQ-00250,2026-06-25 02:44:00,User Service,Production,Bangalore,POST,201,198.5,1.8,313
REQ-00251,2026-01-31 06:59:00,User Service,Production,Hyderabad,POST,200,151.3,0.15,408
REQ-00252,2026-05-23 19:55:00,API Gateway,Production,Bangalore,PUT,200,195.2,1.07,336
REQ-00253,2026-06-06 00:15:00,User Service,Production,Pune,POST,200,179.1,1.45,178
REQ-00254,2026-03-13 01:04:00,User Service,Production,Hyderabad,POST,200,209.2,3.86,143
REQ-00255,2026-06-15 15:11:00,Notification Service,Production,Pune,DELETE,200,140.6,0.67,87
REQ-00256,2026-04-25 23:53:00,API Gateway,Production,Mumbai,POST,200,153.3,1.46,425
REQ-00257,2026-01-05 09:04:00,API Gateway,Production,Mumbai,DELETE,200,211.9,0.99,28
REQ-00258,2026-04-18 07:53:00,Payment Service,Production,Pune,GET,429,279.7,1.89,65
REQ-00259,2026-05-05 07:37:00,API Gateway,Production,Mumbai,POST,502,335.8,1.23,495
REQ-00260,2026-06-03 12:55:00,API Gateway,Staging,Bangalore,POST,200,225.6,0.89,391
REQ-00261,2026-01-13 23:48:00,API Gateway,Production,Mumbai,POST,200,186.2,0.73,270
REQ-00262,2026-03-21 13:46:00,Notification Service,Production,Mumbai,GET,201,363.7,0.35,254
REQ-00263,2026-04-16 03:46:00,Notification Service,Production,Mumbai,GET,201,181.9,0.46,197
REQ-00264,2026-06-29 09:54:00,API Gateway,Production,Hyderabad,POST,200,179.7,2.35,85
REQ-00265,2026-04-07 01:11:00,User Service,Production,Hyderabad,POST,200,214.0,0.75,336
REQ-00266,2026-01-05 12:50:00,Auth Service,Production,Hyderabad,GET,502,237.4,0.82,101
REQ-00267,2026-04-01 05:51:00,User Service,Production,Hyderabad,GET,200,331.3,2.98,375
REQ-00268,2026-03-15 06:07:00,Notification Service,Production,Pune,POST,200,175.3,0.75,102
REQ-00269,2026-05-18 14:17:00,Auth Service,Production,Mumbai,PUT,200,141.3,0.92,133
REQ-00270,2026-01-23 21:54:00,API Gateway,Production,Bangalore,POST,500,336.3,3.95,450
REQ-00271,2026-05-08 05:34:00,User Service,Staging,Pune,GET,200,253.3,2.88,248
REQ-00272,2026-03-05 10:33:00,API Gateway,Production,Mumbai,POST,200,151.4,0.85,75
REQ-00273,2026-03-15 04:40:00,Payment Service,Staging,Bangalore,POST,201,391.3,0.59,272
REQ-00274,2026-03-03 02:09:00,Auth Service,Production,Bangalore,GET,400,164.3,2.66,1
REQ-00275,2026-01-15 21:27:00,API Gateway,Production,Bangalore,GET,200,223.7,0.23,117
REQ-00276,2026-05-06 19:32:00,User Service,Production,Bangalore,GET,502,388.9,3.61,115
REQ-00277,2026-03-29 23:28:00,Notification Service,Production,Pune,PUT,200,223.4,2.23,35
REQ-00278,2026-05-04 11:30:00,Notification Service,Production,Mumbai,GET,200,170.3,0.21,102
REQ-00279,2026-01-24 23:18:00,API Gateway,Staging,Pune,POST,401,222.5,1.29,375
REQ-00280,2026-03-07 20:40:00,Auth Service,Production,Mumbai,GET,500,209.2,1.13,265
REQ-00281,2026-02-11 11:11:00,Payment Service,Production,Bangalore,PUT,200,386.8,3.42,361
REQ-00282,2026-03-15 16:28:00,Payment Service,Production,Mumbai,PUT,502,333.3,1.21,268
REQ-00283,2026-05-09 17:38:00,Auth Service,Production,Mumbai,POST,429,212.9,0.55,201
REQ-00284,2026-03-01 07:56:00,API Gateway,Staging,Hyderabad,POST,500,282.4,1.78,332
REQ-00285,2026-04-06 14:13:00,Payment Service,Production,Hyderabad,DELETE,404,399.4,1.84,157
REQ-00286,2026-02-24 04:02:00,API Gateway,Production,Pune,POST,200,191.6,3.89,492
REQ-00287,2026-04-02 03:45:00,Auth Service,Production,Mumbai,POST,200,175.5,0.28,136
REQ-00288,2026-03-19 20:02:00,Auth Service,Production,Hyderabad,POST,503,201.5,1.85,340
REQ-00289,2026-03-08 16:55:00,Payment Service,Production,Bangalore,PUT,201,346.7,2.33,318
REQ-00290,2026-01-22 18:17:00,Auth Service,Production,Mumbai,PUT,502,241.7,2.17,59
REQ-00291,2026-03-21 13:58:00,Payment Service,Production,Bangalore,GET,200,293.7,1.64,108
REQ-00292,2026-01-06 16:50:00,Auth Service,Production,Hyderabad,GET,502,276.5,2.9,476
REQ-00293,2026-04-04 07:53:00,User Service,Staging,Hyderabad,GET,500,350.4,0.57,412
REQ-00294,2026-03-10 21:59:00,User Service,Production,Bangalore,POST,200,243.9,1.71,285
REQ-00295,2026-03-01 19:20:00,Payment Service,Production,Bangalore,PUT,500,435.1,2.92,155
REQ-00296,2026-02-13 02:28:00,Notification Service,Production,Hyderabad,PUT,200,428.3,2.81,268
REQ-00297,2026-06-22 09:06:00,Payment Service,Staging,Bangalore,GET,200,391.5,2.94,294
REQ-00298,2026-03-11 12:43:00,Auth Service,Production,Mumbai,GET,500,212.2,3.18,188
REQ-00299,2026-03-06 23:07:00,User Service,Production,Pune,GET,429,103.0,0.21,380
REQ-00300,2026-05-31 16:32:00,Payment Service,Production,Bangalore,GET,200,257.9,3.57,193
REQ-00301,2026-05-30 17:18:00,API Gateway,Production,Bangalore,POST,200,246.0,2.42,369
REQ-00302,2026-06-21 22:29:00,User Service,Staging,Hyderabad,DELETE,201,292.1,1.87,388
REQ-00303,2026-01-04 23:44:00,API Gateway,Staging,Hyderabad,GET,200,180.3,0.91,363
REQ-00304,2026-05-22 02:39:00,Auth Service,Production,Mumbai,POST,200,121.4,1.23,485
REQ-00305,2026-04-03 12:41:00,API Gateway,Staging,Mumbai,GET,503,387.9,2.47,126
REQ-00306,2026-02-19 09:55:00,API Gateway,Staging,Mumbai,POST,503,322.0,2.21,342
REQ-00307,2026-03-02 07:16:00,User Service,Production,Mumbai,POST,200,147.5,2.74,21
REQ-00308,2026-05-23 10:19:00,User Service,Production,Bangalore,GET,201,158.6,1.83,111
REQ-00309,2026-05-16 17:05:00,Payment Service,Production,Mumbai,POST,200,418.6,0.68,5
REQ-00310,2026-03-05 00:48:00,User Service,Production,Pune,POST,502,433.2,2.18,140
REQ-00311,2026-02-22 19:01:00,API Gateway,Production,Pune,GET,429,193.6,3.88,371
REQ-00312,2026-03-28 20:34:00,Payment Service,Production,Pune,POST,200,289.2,1.56,102
REQ-00313,2026-05-12 23:06:00,API Gateway,Production,Pune,POST,404,192.1,3.59,219
REQ-00314,2026-06-06 12:01:00,Payment Service,Production,Bangalore,DELETE,201,103.2,0.88,329
REQ-00315,2026-03-11 13:27:00,Notification Service,Production,Bangalore,POST,200,291.5,3.07,22
REQ-00316,2026-04-27 03:40:00,API Gateway,Production,Mumbai,GET,500,54.9,3.24,152
REQ-00317,2026-02-26 13:22:00,API Gateway,Production,Mumbai,GET,503,340.8,2.57,399
REQ-00318,2026-03-25 13:56:00,API Gateway,Staging,Mumbai,PUT,502,416.2,2.49,104
REQ-00319,2026-06-06 02:30:00,Payment Service,Production,Bangalore,POST,200,173.0,2.57,461
REQ-00320,2026-06-17 14:04:00,User Service,Production,Pune,GET,200,114.0,0.4,375
REQ-00321,2026-04-10 16:01:00,User Service,Production,Bangalore,GET,401,115.5,1.24,120
REQ-00322,2026-02-06 21:17:00,Auth Service,Production,Bangalore,GET,200,110.1,2.6,437
REQ-00323,2026-04-26 17:48:00,Payment Service,Staging,Bangalore,PUT,200,243.4,1.87,484
REQ-00324,2026-03-25 12:23:00,Payment Service,Production,Pune,POST,201,350.0,3.31,408
REQ-00325,2026-06-08 10:54:00,Payment Service,Production,Bangalore,GET,201,355.2,3.54,248
REQ-00326,2026-05-03 13:21:00,User Service,Production,Mumbai,GET,200,180.1,2.09,154
REQ-00327,2026-02-05 09:21:00,Auth Service,Production,Mumbai,GET,401,106.3,2.3,162
REQ-00328,2026-06-12 10:19:00,Payment Service,Production,Pune,GET,502,901.9,3.86,421
REQ-00329,2026-06-16 16:16:00,User Service,Production,Pune,GET,200,302.2,1.09,235
REQ-00330,2026-01-11 16:12:00,API Gateway,Production,Hyderabad,POST,200,113.1,1.26,21
REQ-00331,2026-01-12 06:11:00,User Service,Staging,Hyderabad,PUT,400,201.8,1.96,496
REQ-00332,2026-03-02 21:37:00,Payment Service,Production,Bangalore,POST,404,279.7,1.72,397
REQ-00333,2026-03-19 13:55:00,Notification Service,Staging,Mumbai,POST,200,224.1,3.04,237
REQ-00334,2026-02-09 22:25:00,Auth Service,Production,Pune,POST,502,294.9,1.64,488
REQ-00335,2026-02-13 05:41:00,API Gateway,Production,Pune,POST,502,170.8,0.49,74
REQ-00336,2026-05-15 01:49:00,API Gateway,Production,Pune,GET,502,221.8,2.02,111
REQ-00337,2026-05-08 00:05:00,Payment Service,Staging,Hyderabad,GET,201,318.3,3.07,119
REQ-00338,2026-01-14 14:51:00,Auth Service,Production,Hyderabad,GET,200,129.7,0.17,187
REQ-00339,2026-02-05 16:14:00,User Service,Production,Hyderabad,POST,200,267.7,2.33,208
REQ-00340,2026-06-19 15:06:00,User Service,Staging,Bangalore,GET,201,166.4,3.6,225
REQ-00341,2026-01-20 04:06:00,User Service,Production,Mumbai,DELETE,200,115.9,2.45,205
REQ-00342,2026-01-24 12:30:00,API Gateway,Production,Hyderabad,DELETE,400,138.2,3.16,96
REQ-00343,2026-02-21 21:07:00,Payment Service,Production,Pune,PUT,503,429.8,3.4,301
REQ-00344,2026-06-08 19:30:00,API Gateway,Production,Bangalore,GET,429,147.2,2.61,321
REQ-00345,2026-04-25 12:32:00,Notification Service,Production,Pune,GET,200,271.1,0.67,5
REQ-00346,2026-06-26 01:23:00,Payment Service,Production,Pune,GET,200,476.4,3.07,224
REQ-00347,2026-06-11 19:40:00,Notification Service,Production,Pune,GET,503,580.1,0.27,478
REQ-00348,2026-01-27 16:05:00,Payment Service,Production,Mumbai,GET,200,336.5,3.98,50
REQ-00349,2026-03-17 00:42:00,Auth Service,Production,Hyderabad,POST,400,151.2,3.93,332
REQ-00350,2026-03-02 12:58:00,Payment Service,Production,Pune,DELETE,502,339.4,0.84,371
REQ-00351,2026-01-18 14:52:00,Notification Service,Production,Mumbai,PUT,502,548.4,3.12,484
REQ-00352,2026-03-19 03:26:00,API Gateway,Production,Hyderabad,POST,200,208.8,3.11,86
REQ-00353,2026-04-21 06:03:00,API Gateway,Production,Bangalore,GET,200,211.2,3.25,360
REQ-00354,2026-02-28 12:49:00,Payment Service,Production,Bangalore,GET,429,301.4,1.98,141
REQ-00355,2026-02-16 08:12:00,API Gateway,Staging,Hyderabad,POST,200,217.5,1.98,323
REQ-00356,2026-01-07 08:51:00,API Gateway,Production,Bangalore,POST,200,170.9,1.49,274
REQ-00357,2026-02-01 18:20:00,Auth Service,Production,Pune,PUT,201,194.0,3.9,343
REQ-00358,2026-04-22 19:53:00,User Service,Production,Mumbai,GET,404,136.8,3.48,237
REQ-00359,2026-04-20 10:48:00,Notification Service,Production,Pune,PUT,201,388.4,0.66,199
REQ-00360,2026-06-03 02:22:00,Notification Service,Production,Bangalore,POST,500,224.9,2.04,116
REQ-00361,2026-06-11 11:56:00,Payment Service,Production,Mumbai,GET,200,399.5,1.25,483
REQ-00362,2026-03-11 23:32:00,Payment Service,Staging,Bangalore,GET,200,282.3,2.81,24
REQ-00363,2026-01-08 11:35:00,User Service,Production,Bangalore,DELETE,200,216.4,1.63,181
REQ-00364,2026-05-11 17:01:00,Payment Service,Production,Pune,GET,201,414.3,3.9,391
REQ-00365,2026-03-19 22:30:00,Auth Service,Production,Mumbai,POST,200,166.6,2.48,30
REQ-00366,2026-04-26 16:29:00,User Service,Production,Mumbai,GET,200,142.5,3.62,374
REQ-00367,2026-05-31 13:23:00,Notification Service,Production,Bangalore,GET,404,352.2,3.04,32
REQ-00368,2026-03-13 10:02:00,Auth Service,Production,Hyderabad,GET,200,72.6,1.13,324
REQ-00369,2026-06-01 20:31:00,Auth Service,Production,Mumbai,GET,401,124.9,3.89,383
REQ-00370,2026-06-07 05:11:00,API Gateway,Production,Pune,DELETE,200,192.6,2.81,167
REQ-00371,2026-01-24 02:36:00,Notification Service,Production,Pune,POST,200,212.5,0.71,337
REQ-00372,2026-06-26 01:02:00,User Service,Production,Hyderabad,POST,400,241.8,1.58,271
REQ-00373,2026-03-01 02:11:00,User Service,Staging,Hyderabad,POST,401,192.7,2.5,162
REQ-00374,2026-04-28 02:36:00,API Gateway,Production,Pune,POST,201,176.4,3.87,339
REQ-00375,2026-04-02 00:20:00,Payment Service,Staging,Bangalore,DELETE,401,298.7,0.98,43
REQ-00376,2026-01-02 00:41:00,User Service,Production,Pune,PUT,400,225.8,2.72,485
REQ-00377,2026-03-30 18:15:00,Auth Service,Staging,Pune,GET,201,187.5,0.73,481
REQ-00378,2026-04-02 02:24:00,API Gateway,Production,Hyderabad,POST,200,193.2,1.4,57
REQ-00379,2026-06-13 11:39:00,Auth Service,Production,Bangalore,POST,200,112.4,0.38,478
REQ-00380,2026-02-28 16:46:00,Auth Service,Production,Bangalore,GET,503,350.4,1.73,310
REQ-00381,2026-03-26 22:52:00,API Gateway,Staging,Pune,POST,200,154.4,3.91,322
REQ-00382,2026-04-13 18:13:00,Payment Service,Production,Hyderabad,GET,503,299.3,1.45,204
REQ-00383,2026-01-20 14:30:00,Auth Service,Production,Pune,POST,200,71.5,0.66,439
REQ-00384,2026-02-12 03:50:00,API Gateway,Production,Hyderabad,POST,502,220.1,2.53,367
REQ-00385,2026-04-13 06:25:00,Auth Service,Production,Mumbai,POST,200,186.6,1.07,258
REQ-00386,2026-01-21 04:44:00,API Gateway,Production,Mumbai,DELETE,200,231.1,2.97,48
REQ-00387,2026-03-29 09:24:00,API Gateway,Production,Mumbai,GET,201,232.8,3.75,137
REQ-00388,2026-06-25 18:11:00,Notification Service,Production,Pune,GET,200,331.9,2.72,176
REQ-00389,2026-02-19 04:21:00,API Gateway,Production,Bangalore,PUT,200,136.4,3.46,132
REQ-00390,2026-02-18 01:32:00,Payment Service,Staging,Hyderabad,POST,200,307.4,2.59,170
REQ-00391,2026-01-03 18:57:00,User Service,Production,Bangalore,GET,200,227.3,1.49,366
REQ-00392,2026-06-12 04:20:00,API Gateway,Production,Pune,POST,502,261.5,2.72,338
REQ-00393,2026-01-24 21:17:00,Notification Service,Production,Pune,GET,500,607.8,2.1,376
REQ-00394,2026-05-29 07:54:00,Payment Service,Production,Mumbai,GET,200,362.3,3.22,295
REQ-00395,2026-06-13 02:24:00,Notification Service,Production,Pune,GET,502,457.4,1.83,252
REQ-00396,2026-04-28 18:18:00,Notification Service,Staging,Pune,POST,200,345.4,2.44,205
REQ-00397,2026-03-03 16:35:00,Payment Service,Production,Mumbai,POST,200,277.6,1.7,242
REQ-00398,2026-03-16 00:56:00,Auth Service,Production,Mumbai,POST,200,138.8,3.78,242
REQ-00399,2026-04-23 16:06:00,User Service,Production,Hyderabad,GET,429,289.9,2.11,23
REQ-00400,2026-02-10 00:20:00,User Service,Staging,Mumbai,GET,200,195.9,3.66,352
REQ-00401,2026-05-05 17:08:00,Auth Service,Staging,Mumbai,PUT,200,167.7,0.4,109
REQ-00402,2026-02-28 16:34:00,Auth Service,Production,Bangalore,PUT,201,140.4,3.45,451
REQ-00403,2026-03-20 12:13:00,Payment Service,Production,Pune,GET,201,362.4,2.01,45
REQ-00404,2026-01-04 20:00:00,User Service,Production,Pune,GET,500,269.4,0.43,209
REQ-00405,2026-02-18 19:09:00,API Gateway,Production,Mumbai,GET,502,188.3,1.31,167
REQ-00406,2026-06-10 21:10:00,API Gateway,Production,Pune,DELETE,200,116.6,2.5,137
REQ-00407,2026-01-11 18:54:00,User Service,Production,Pune,GET,500,313.0,3.5,418
REQ-00408,2026-05-20 10:36:00,Payment Service,Production,Hyderabad,DELETE,200,474.1,1.81,344
REQ-00409,2026-06-20 03:37:00,Payment Service,Production,Bangalore,GET,200,387.1,0.17,17
REQ-00410,2026-01-28 03:22:00,API Gateway,Production,Mumbai,GET,200,235.9,2.89,144
REQ-00411,2026-03-31 14:48:00,User Service,Staging,Mumbai,POST,400,196.8,1.4,233
REQ-00412,2026-03-08 06:30:00,Payment Service,Staging,Mumbai,POST,200,465.6,0.15,430
REQ-00413,2026-01-26 23:25:00,Payment Service,Production,Pune,GET,200,239.6,2.21,292
REQ-00414,2026-03-24 00:14:00,API Gateway,Production,Pune,POST,400,146.1,3.96,20
REQ-00415,2026-06-02 03:11:00,Notification Service,Production,Hyderabad,GET,200,197.4,1.54,60
REQ-00416,2026-03-03 01:23:00,API Gateway,Staging,Pune,GET,200,175.3,2.68,49
REQ-00417,2026-02-03 08:08:00,API Gateway,Production,Hyderabad,GET,429,193.5,2.24,368
REQ-00418,2026-04-24 08:44:00,Auth Service,Production,Bangalore,POST,400,199.3,2.52,29
REQ-00419,2026-03-12 02:02:00,API Gateway,Staging,Bangalore,POST,200,194.9,1.79,346
REQ-00420,2026-03-27 21:23:00,Notification Service,Production,Hyderabad,POST,201,282.4,2.89,54
REQ-00421,2026-05-07 22:39:00,API Gateway,Production,Hyderabad,POST,200,141.8,3.01,336
REQ-00422,2026-01-19 21:36:00,Payment Service,Production,Bangalore,POST,200,258.4,3.21,384
REQ-00423,2026-03-20 06:21:00,User Service,Production,Mumbai,PUT,200,220.1,1.91,110
REQ-00424,2026-03-21 11:24:00,User Service,Production,Mumbai,PUT,429,242.5,3.13,279
REQ-00425,2026-03-29 08:54:00,API Gateway,Production,Mumbai,POST,200,132.1,1.13,381
REQ-00426,2026-04-16 12:36:00,Notification Service,Production,Pune,POST,429,350.4,1.36,56
REQ-00427,2026-02-15 18:21:00,Notification Service,Production,Pune,POST,200,273.5,3.87,27
REQ-00428,2026-06-05 22:11:00,Notification Service,Production,Bangalore,DELETE,502,544.6,1.04,143
REQ-00429,2026-02-12 05:35:00,Auth Service,Production,Bangalore,GET,200,138.5,0.41,291
REQ-00430,2026-06-19 15:49:00,API Gateway,Production,Hyderabad,GET,404,173.2,0.62,256
REQ-00431,2026-02-27 18:18:00,API Gateway,Production,Mumbai,POST,502,145.9,1.82,74
REQ-00432,2026-01-24 03:40:00,Auth Service,Production,Hyderabad,GET,200,80.1,1.55,28
REQ-00433,2026-03-27 02:44:00,Payment Service,Staging,Pune,POST,200,293.0,2.41,203
REQ-00434,2026-05-09 04:47:00,Payment Service,Production,Pune,GET,400,57.6,3.71,428
REQ-00435,2026-06-11 20:52:00,API Gateway,Staging,Mumbai,GET,400,261.1,2.85,214
REQ-00436,2026-02-12 11:29:00,User Service,Production,Hyderabad,GET,500,316.2,0.77,207
REQ-00437,2026-03-02 06:35:00,Payment Service,Staging,Mumbai,GET,400,341.8,2.33,230
REQ-00438,2026-05-08 20:19:00,API Gateway,Production,Bangalore,GET,404,216.2,0.22,296
REQ-00439,2026-03-03 20:09:00,API Gateway,Staging,Bangalore,POST,201,123.0,1.56,215
REQ-00440,2026-03-03 05:11:00,Notification Service,Production,Mumbai,PUT,200,293.6,2.53,119
REQ-00441,2026-04-12 13:12:00,Payment Service,Staging,Mumbai,POST,500,384.7,3.58,413
REQ-00442,2026-03-03 01:54:00,Payment Service,Production,Pune,GET,429,276.6,1.93,358
REQ-00443,2026-01-02 22:15:00,API Gateway,Production,Pune,POST,200,94.2,0.96,56
REQ-00444,2026-05-01 05:15:00,User Service,Production,Mumbai,GET,200,182.8,0.92,86
REQ-00445,2026-05-14 08:03:00,API Gateway,Production,Hyderabad,POST,200,178.4,0.71,192
REQ-00446,2026-02-01 15:01:00,User Service,Production,Hyderabad,GET,200,160.1,2.0,145
REQ-00447,2026-04-15 13:52:00,Payment Service,Production,Hyderabad,POST,200,213.7,3.97,401
REQ-00448,2026-03-02 17:18:00,API Gateway,Production,Mumbai,DELETE,200,63.0,3.57,148
REQ-00449,2026-02-14 22:49:00,API Gateway,Production,Bangalore,POST,200,177.4,0.56,48
REQ-00450,2026-01-17 08:49:00,API Gateway,Production,Hyderabad,GET,400,265.9,0.87,337
REQ-00451,2026-05-18 22:40:00,API Gateway,Production,Hyderabad,DELETE,201,162.3,3.74,333
REQ-00452,2026-05-18 17:03:00,Auth Service,Staging,Mumbai,GET,200,245.2,0.95,237
REQ-00453,2026-01-05 19:01:00,User Service,Production,Bangalore,DELETE,200,145.0,3.59,76
REQ-00454,2026-03-08 06:08:00,User Service,Production,Hyderabad,POST,201,223.0,0.96,254
REQ-00455,2026-06-12 15:16:00,Notification Service,Production,Mumbai,GET,200,270.7,1.13,385
REQ-00456,2026-03-10 21:34:00,API Gateway,Production,Bangalore,GET,200,198.9,1.24,264
REQ-00457,2026-03-10 11:38:00,API Gateway,Production,Pune,POST,502,131.7,2.1,286
REQ-00458,2026-05-18 03:18:00,Notification Service,Production,Pune,GET,200,101.6,0.22,149
REQ-00459,2026-05-07 07:11:00,Auth Service,Production,Bangalore,GET,200,170.1,2.54,414
REQ-00460,2026-02-07 06:24:00,Notification Service,Production,Bangalore,GET,502,582.2,1.03,271
REQ-00461,2026-05-16 04:59:00,User Service,Production,Mumbai,POST,200,120.8,0.88,371
REQ-00462,2026-04-22 00:42:00,Payment Service,Production,Pune,POST,400,387.3,2.31,407
REQ-00463,2026-05-24 07:51:00,Auth Service,Production,Bangalore,GET,200,200.1,1.4,450
REQ-00464,2026-03-05 07:58:00,API Gateway,Production,Pune,POST,201,186.9,1.34,450
REQ-00465,2026-05-24 07:33:00,Notification Service,Staging,Hyderabad,POST,500,278.2,2.22,228
REQ-00466,2026-01-27 11:34:00,Payment Service,Production,Pune,GET,429,405.6,1.83,385
REQ-00467,2026-01-02 08:41:00,Auth Service,Production,Hyderabad,POST,500,208.3,1.16,375
REQ-00468,2026-06-25 09:17:00,Payment Service,Production,Pune,POST,502,420.9,3.03,448
REQ-00469,2026-04-01 13:27:00,Payment Service,Production,Hyderabad,PUT,502,465.5,1.07,175
REQ-00470,2026-01-05 09:05:00,Notification Service,Production,Hyderabad,GET,200,298.9,2.8,129
REQ-00471,2026-06-15 20:37:00,API Gateway,Staging,Pune,GET,200,137.9,1.99,372
REQ-00472,2026-05-07 18:45:00,User Service,Production,Mumbai,GET,502,132.6,0.55,389
REQ-00473,2026-03-28 19:17:00,Notification Service,Staging,Hyderabad,PUT,200,309.7,2.14,192
REQ-00474,2026-01-30 19:46:00,Auth Service,Staging,Hyderabad,PUT,201,189.1,3.22,5
REQ-00475,2026-05-10 07:53:00,Payment Service,Production,Pune,PUT,200,455.9,0.97,423
REQ-00476,2026-04-25 21:45:00,User Service,Production,Mumbai,PUT,404,245.4,3.94,457
REQ-00477,2026-04-30 21:26:00,Notification Service,Production,Hyderabad,POST,200,219.8,0.95,101
REQ-00478,2026-02-22 16:46:00,Payment Service,Production,Pune,PUT,200,306.9,3.3,166
REQ-00479,2026-01-31 06:58:00,Auth Service,Production,Mumbai,PUT,200,117.1,1.5,429
REQ-00480,2026-03-23 14:29:00,Payment Service,Production,Bangalore,PUT,200,413.0,1.6,241
REQ-00481,2026-01-02 17:02:00,Auth Service,Production,Hyderabad,GET,502,188.8,2.65,242
REQ-00482,2026-03-03 06:09:00,Auth Service,Production,Hyderabad,GET,502,443.2,2.49,491
REQ-00483,2026-04-12 11:58:00,User Service,Production,Hyderabad,GET,200,252.0,1.35,381
REQ-00484,2026-05-14 18:56:00,Notification Service,Production,Pune,POST,503,175.1,2.67,368
REQ-00485,2026-04-22 06:06:00,Auth Service,Production,Mumbai,GET,200,152.4,2.12,194
REQ-00486,2026-04-11 11:10:00,API Gateway,Staging,Bangalore,DELETE,200,163.2,0.96,264
REQ-00487,2026-05-10 19:50:00,Notification Service,Production,Pune,GET,502,554.6,3.15,423
REQ-00488,2026-06-02 13:47:00,Payment Service,Production,Hyderabad,PUT,502,832.6,1.78,4
REQ-00489,2026-01-03 04:44:00,Notification Service,Production,Mumbai,PUT,200,246.0,0.94,376
REQ-00490,2026-03-13 00:26:00,Payment Service,Production,Hyderabad,DELETE,429,429.2,1.64,297
REQ-00491,2026-01-30 02:58:00,Auth Service,Production,Bangalore,POST,400,192.8,3.99,76
REQ-00492,2026-03-04 23:50:00,Payment Service,Production,Mumbai,GET,200,277.5,2.53,175
REQ-00493,2026-05-26 19:48:00,Auth Service,Production,Hyderabad,GET,201,94.5,3.21,490
REQ-00494,2026-03-05 06:48:00,User Service,Staging,Mumbai,POST,200,193.4,2.45,226
REQ-00495,2026-03-17 04:57:00,API Gateway,Staging,Hyderabad,GET,200,161.2,3.71,331
REQ-00496,2026-03-05 02:55:00,Payment Service,Production,Pune,DELETE,200,274.5,3.15,491
REQ-00497,2026-04-19 09:18:00,API Gateway,Production,Pune,GET,400,228.3,2.87,72
REQ-00498,2026-01-23 05:26:00,API Gateway,Production,Hyderabad,GET,200,80.9,3.35,17
REQ-00499,2026-05-04 01:34:00,API Gateway,Production,Hyderabad,GET,200,174.4,1.19,270
REQ-00500,2026-03-22 07:37:00,User Service,Production,Bangalore,GET,500,308.1,2.17,275
REQ-00501,2026-01-09 20:28:00,Payment Service,Production,Pune,GET,429,265.7,1.69,224
REQ-00502,2026-01-29 23:43:00,API Gateway,Production,Bangalore,POST,429,203.0,0.85,318
REQ-00503,2026-02-28 05:09:00,Auth Service,Production,Pune,PUT,500,182.7,3.18,148
REQ-00504,2026-06-21 09:12:00,Payment Service,Production,Bangalore,POST,200,374.7,1.51,442
REQ-00505,2026-03-22 22:27:00,Auth Service,Production,Mumbai,POST,200,163.7,3.94,288
REQ-00506,2026-01-16 12:17:00,Payment Service,Production,Hyderabad,POST,200,419.9,3.42,302
REQ-00507,2026-04-12 06:30:00,Notification Service,Production,Pune,POST,400,265.6,1.09,209
REQ-00508,2026-03-04 00:32:00,Payment Service,Production,Mumbai,POST,200,434.6,1.09,280
REQ-00509,2026-05-05 23:31:00,API Gateway,Production,Mumbai,DELETE,200,157.2,3.09,386
REQ-00510,2026-05-05 15:55:00,API Gateway,Production,Hyderabad,GET,200,225.1,2.8,296
REQ-00511,2026-03-25 17:04:00,Payment Service,Staging,Bangalore,GET,404,345.4,3.99,160
REQ-00512,2026-02-08 00:25:00,Payment Service,Production,Pune,GET,200,231.5,0.42,226
REQ-00513,2026-04-17 10:23:00,API Gateway,Production,Bangalore,POST,201,252.7,3.24,194
REQ-00514,2026-01-06 04:12:00,User Service,Production,Bangalore,POST,201,80.3,0.37,334
REQ-00515,2026-04-23 05:56:00,Payment Service,Production,Hyderabad,DELETE,200,304.5,2.93,127
REQ-00516,2026-02-23 05:03:00,Notification Service,Production,Mumbai,POST,201,304.0,3.79,195
REQ-00517,2026-04-13 20:38:00,API Gateway,Production,Pune,GET,200,212.9,0.27,396
REQ-00518,2026-05-12 11:27:00,Notification Service,Production,Bangalore,GET,500,226.1,3.34,495
REQ-00519,2026-01-26 23:39:00,Payment Service,Production,Bangalore,PUT,200,457.5,0.15,355
REQ-00520,2026-03-27 21:04:00,Payment Service,Production,Hyderabad,PUT,200,261.1,3.83,291
REQ-00521,2026-05-15 20:20:00,Payment Service,Production,Hyderabad,GET,200,127.1,1.62,129
REQ-00522,2026-04-24 13:39:00,API Gateway,Staging,Pune,GET,200,224.2,2.17,218
REQ-00523,2026-02-17 07:11:00,Notification Service,Production,Mumbai,POST,201,210.7,3.45,8
REQ-00524,2026-06-10 17:32:00,User Service,Production,Mumbai,POST,200,269.7,2.8,109
REQ-00525,2026-03-30 08:51:00,User Service,Production,Hyderabad,POST,500,570.4,1.3,111
REQ-00526,2026-05-01 20:04:00,User Service,Production,Hyderabad,DELETE,200,210.0,0.52,26
REQ-00527,2026-05-03 05:42:00,Payment Service,Production,Pune,GET,201,337.6,1.25,11
REQ-00528,2026-02-11 19:17:00,Payment Service,Production,Hyderabad,GET,200,239.0,2.49,65
REQ-00529,2026-05-06 01:06:00,User Service,Production,Mumbai,DELETE,201,162.8,2.83,358
REQ-00530,2026-01-22 05:33:00,Auth Service,Production,Hyderabad,GET,502,334.8,3.09,118
REQ-00531,2026-04-27 07:17:00,Auth Service,Production,Bangalore,GET,400,195.9,2.25,429
REQ-00532,2026-03-16 12:06:00,Auth Service,Production,Mumbai,GET,201,117.3,1.42,164
REQ-00533,2026-04-21 01:17:00,API Gateway,Production,Hyderabad,DELETE,400,121.9,0.1,47
REQ-00534,2026-04-12 19:32:00,Payment Service,Production,Bangalore,GET,400,168.8,2.95,337
REQ-00535,2026-04-21 17:21:00,API Gateway,Production,Bangalore,GET,200,189.2,0.59,437
REQ-00536,2026-03-11 02:35:00,API Gateway,Production,Pune,GET,401,93.9,0.26,178
REQ-00537,2026-03-19 02:48:00,API Gateway,Production,Bangalore,POST,200,136.9,3.64,146
REQ-00538,2026-03-25 07:23:00,Auth Service,Production,Bangalore,GET,200,99.7,2.5,39
REQ-00539,2026-06-12 08:15:00,Auth Service,Production,Pune,POST,200,83.8,3.33,18
REQ-00540,2026-03-20 23:53:00,Auth Service,Staging,Bangalore,GET,502,186.0,1.64,44
REQ-00541,2026-01-07 21:27:00,User Service,Production,Bangalore,DELETE,200,233.4,0.44,247
REQ-00542,2026-01-19 03:40:00,Auth Service,Production,Hyderabad,GET,200,120.8,0.55,274
REQ-00543,2026-04-15 00:02:00,API Gateway,Staging,Bangalore,PUT,200,198.4,3.32,210
REQ-00544,2026-01-20 08:03:00,Auth Service,Production,Hyderabad,DELETE,429,148.9,1.92,185
REQ-00545,2026-05-02 15:48:00,Auth Service,Production,Mumbai,GET,503,325.4,3.3,453
REQ-00546,2026-05-30 20:06:00,User Service,Staging,Bangalore,POST,200,262.3,0.41,413
REQ-00547,2026-02-05 15:22:00,API Gateway,Production,Bangalore,PUT,200,155.9,3.81,67
REQ-00548,2026-04-08 08:07:00,Auth Service,Production,Bangalore,GET,200,90.8,0.38,343
REQ-00549,2026-01-08 19:59:00,Payment Service,Production,Pune,PUT,500,460.8,3.62,113
REQ-00550,2026-01-10 22:28:00,Payment Service,Production,Hyderabad,GET,200,326.2,0.4,12
REQ-00551,2026-03-09 19:04:00,API Gateway,Production,Bangalore,POST,200,97.5,2.94,25
REQ-00552,2026-04-28 16:49:00,Notification Service,Production,Bangalore,GET,200,258.4,2.71,179
REQ-00553,2026-04-02 18:31:00,Auth Service,Production,Pune,DELETE,200,125.8,0.26,410
REQ-00554,2026-06-15 14:31:00,Payment Service,Production,Mumbai,GET,503,413.2,0.8,367
REQ-00555,2026-02-28 21:37:00,User Service,Production,Pune,POST,201,258.0,2.63,147
REQ-00556,2026-03-07 10:42:00,Auth Service,Staging,Mumbai,GET,400,138.1,1.66,51
REQ-00557,2026-06-25 14:02:00,Notification Service,Production,Hyderabad,POST,200,208.2,1.55,28
REQ-00558,2026-03-23 16:26:00,API Gateway,Staging,Bangalore,GET,200,234.3,1.72,80
REQ-00559,2026-05-03 12:21:00,Auth Service,Production,Hyderabad,POST,200,102.1,2.33,282
REQ-00560,2026-06-27 13:59:00,API Gateway,Production,Bangalore,POST,200,262.1,1.99,407
REQ-00561,2026-04-02 23:27:00,Auth Service,Production,Bangalore,GET,201,93.7,0.98,88
REQ-00562,2026-03-10 04:02:00,User Service,Production,Hyderabad,POST,200,225.5,1.12,137
REQ-00563,2026-05-20 13:08:00,Payment Service,Production,Bangalore,GET,429,381.6,3.66,92
REQ-00564,2026-06-17 09:20:00,User Service,Production,Mumbai,POST,200,296.2,1.21,38
REQ-00565,2026-01-01 15:01:00,API Gateway,Production,Mumbai,GET,201,135.1,0.59,35
REQ-00566,2026-03-29 05:49:00,Payment Service,Production,Pune,POST,200,314.5,3.57,226
REQ-00567,2026-02-15 15:56:00,User Service,Production,Bangalore,GET,200,228.9,0.81,360
REQ-00568,2026-04-03 00:54:00,Auth Service,Production,Mumbai,GET,200,147.6,2.5,48
REQ-00569,2026-02-27 22:34:00,API Gateway,Production,Hyderabad,GET,200,104.9,2.46,4
REQ-00570,2026-03-18 22:22:00,Notification Service,Production,Mumbai,GET,200,256.6,0.7,308
REQ-00571,2026-05-15 10:44:00,Payment Service,Staging,Pune,POST,201,432.8,0.91,105
REQ-00572,2026-06-07 03:51:00,Payment Service,Production,Pune,GET,200,422.7,0.96,298
REQ-00573,2026-05-06 01:48:00,API Gateway,Production,Bangalore,GET,200,215.2,1.7,279
REQ-00574,2026-01-30 13:58:00,Notification Service,Staging,Pune,GET,400,233.0,3.56,223
REQ-00575,2026-01-16 16:56:00,API Gateway,Production,Bangalore,POST,200,176.2,1.32,82
REQ-00576,2026-04-24 11:22:00,Payment Service,Production,Bangalore,GET,404,363.5,2.14,318
REQ-00577,2026-01-03 22:39:00,User Service,Production,Pune,GET,429,173.1,3.83,7
REQ-00578,2026-06-20 07:57:00,Auth Service,Production,Hyderabad,PUT,200,181.2,0.42,80
REQ-00579,2026-05-28 13:07:00,Payment Service,Staging,Pune,DELETE,201,257.2,2.76,409
REQ-00580,2026-01-02 00:22:00,Payment Service,Production,Bangalore,GET,400,399.1,0.35,75
REQ-00581,2026-03-28 03:49:00,API Gateway,Production,Bangalore,PUT,200,192.6,3.79,224
REQ-00582,2026-02-06 18:29:00,Notification Service,Production,Bangalore,GET,200,210.2,2.62,35
REQ-00583,2026-06-20 22:18:00,Payment Service,Production,Bangalore,PUT,200,314.5,2.24,178
REQ-00584,2026-06-28 04:14:00,User Service,Production,Bangalore,POST,200,207.5,3.93,3
REQ-00585,2026-04-25 00:51:00,Notification Service,Staging,Bangalore,PUT,200,379.6,2.93,151
REQ-00586,2026-01-27 21:37:00,Auth Service,Staging,Bangalore,PUT,500,160.9,1.01,79
REQ-00587,2026-02-07 05:54:00,Payment Service,Production,Pune,GET,500,392.0,2.13,455
REQ-00588,2026-04-05 21:48:00,API Gateway,Production,Pune,DELETE,200,186.6,1.07,209
REQ-00589,2026-04-11 12:20:00,User Service,Production,Bangalore,PUT,201,113.7,3.43,128
REQ-00590,2026-03-14 23:12:00,API Gateway,Production,Hyderabad,POST,200,90.0,1.35,390
REQ-00591,2026-05-25 01:20:00,Notification Service,Production,Hyderabad,POST,200,234.0,3.46,322
REQ-00592,2026-05-12 00:40:00,Payment Service,Production,Pune,GET,200,375.5,0.57,366
REQ-00593,2026-04-08 20:16:00,User Service,Production,Bangalore,POST,502,259.4,2.87,106
REQ-00594,2026-01-24 12:56:00,User Service,Production,Pune,GET,502,260.7,0.25,13
REQ-00595,2026-05-25 15:51:00,User Service,Production,Bangalore,POST,200,322.0,2.72,286
REQ-00596,2026-04-03 23:21:00,Payment Service,Staging,Pune,DELETE,200,265.8,3.04,470
REQ-00597,2026-03-29 19:37:00,Payment Service,Production,Bangalore,GET,503,280.8,0.17,20
REQ-00598,2026-01-27 23:51:00,API Gateway,Production,Hyderabad,GET,503,528.6,0.83,319
REQ-00599,2026-03-12 21:12:00,Auth Service,Staging,Mumbai,POST,200,176.1,2.19,449
REQ-00600,2026-04-11 15:26:00,Auth Service,Staging,Pune,GET,401,128.2,0.74,110
REQ-00601,2026-04-18 16:23:00,API Gateway,Production,Bangalore,POST,201,189.1,2.98,16
REQ-00602,2026-05-23 13:31:00,Payment Service,Production,Hyderabad,POST,200,436.8,3.75,171
REQ-00603,2026-04-24 06:08:00,User Service,Production,Hyderabad,POST,500,256.7,1.84,96
REQ-00604,2026-03-12 03:30:00,User Service,Production,Hyderabad,POST,200,157.6,2.98,340
REQ-00605,2026-04-07 19:12:00,API Gateway,Production,Bangalore,DELETE,201,168.9,0.92,335
REQ-00606,2026-02-27 15:07:00,Notification Service,Production,Bangalore,GET,401,198.0,3.8,317
REQ-00607,2026-03-21 00:33:00,User Service,Production,Pune,POST,200,207.4,2.55,413
REQ-00608,2026-03-16 08:01:00,Payment Service,Production,Pune,POST,201,336.4,3.25,391
REQ-00609,2026-02-04 13:28:00,Auth Service,Production,Pune,POST,200,85.0,2.25,444
REQ-00610,2026-01-17 12:00:00,Auth Service,Production,Hyderabad,POST,503,356.2,2.81,15
REQ-00611,2026-04-10 22:53:00,User Service,Production,Hyderabad,POST,200,292.9,1.71,89
REQ-00612,2026-04-07 03:34:00,Auth Service,Production,Bangalore,GET,200,134.3,2.48,427
REQ-00613,2026-04-15 14:44:00,Auth Service,Production,Mumbai,PUT,200,122.3,1.65,318
REQ-00614,2026-01-28 16:55:00,Auth Service,Staging,Hyderabad,POST,502,148.5,1.04,402
REQ-00615,2026-02-24 12:38:00,Auth Service,Production,Mumbai,GET,200,154.5,1.55,433
REQ-00616,2026-04-24 21:16:00,Auth Service,Production,Bangalore,GET,503,317.4,1.32,155
REQ-00617,2026-01-29 06:38:00,API Gateway,Production,Mumbai,GET,500,337.9,2.01,450
REQ-00618,2026-05-16 02:08:00,Notification Service,Production,Mumbai,GET,201,188.9,2.93,49
REQ-00619,2026-03-07 19:34:00,User Service,Production,Hyderabad,PUT,503,364.6,1.64,49
REQ-00620,2026-01-12 00:56:00,Auth Service,Production,Mumbai,POST,400,191.5,2.51,148
REQ-00621,2026-02-24 23:43:00,User Service,Production,Mumbai,POST,200,223.5,0.94,436
REQ-00622,2026-05-17 13:55:00,User Service,Production,Hyderabad,DELETE,503,253.5,2.19,78
REQ-00623,2026-04-20 07:19:00,User Service,Production,Pune,DELETE,400,48.2,1.05,279
REQ-00624,2026-05-28 09:01:00,API Gateway,Staging,Pune,POST,401,201.4,2.95,322
REQ-00625,2026-03-05 15:27:00,Notification Service,Production,Hyderabad,GET,201,337.5,0.52,180
REQ-00626,2026-02-01 08:58:00,Payment Service,Production,Hyderabad,PUT,200,200.6,1.43,155
REQ-00627,2026-03-20 14:44:00,API Gateway,Production,Pune,POST,404,163.4,3.18,9
REQ-00628,2026-01-26 01:50:00,API Gateway,Production,Hyderabad,GET,200,198.1,2.28,328
REQ-00629,2026-01-24 21:29:00,User Service,Production,Mumbai,PUT,200,212.9,0.5,451
REQ-00630,2026-05-02 13:17:00,User Service,Production,Pune,GET,200,255.2,1.58,214
REQ-00631,2026-04-29 20:08:00,Notification Service,Production,Hyderabad,GET,401,255.4,2.0,441
REQ-00632,2026-06-05 15:26:00,API Gateway,Production,Hyderabad,POST,200,186.3,0.87,212
REQ-00633,2026-04-08 11:59:00,API Gateway,Production,Mumbai,PUT,200,276.9,0.63,478
REQ-00634,2026-01-19 23:02:00,Notification Service,Production,Pune,POST,200,195.8,0.24,44
REQ-00635,2026-02-24 02:29:00,Auth Service,Production,Pune,POST,502,273.9,1.42,70
REQ-00636,2026-05-31 15:16:00,Auth Service,Production,Pune,GET,200,129.4,0.51,352
REQ-00637,2026-03-17 08:11:00,API Gateway,Production,Pune,POST,200,259.4,3.19,57
REQ-00638,2026-01-29 13:39:00,Auth Service,Production,Bangalore,GET,200,141.1,3.39,18
REQ-00639,2026-04-23 19:58:00,Auth Service,Production,Pune,GET,200,225.1,2.51,30
REQ-00640,2026-04-24 12:59:00,API Gateway,Staging,Pune,DELETE,200,108.2,3.47,431
REQ-00641,2026-06-12 11:56:00,User Service,Production,Bangalore,GET,200,167.2,0.76,140
REQ-00642,2026-03-02 06:47:00,Auth Service,Production,Hyderabad,POST,200,224.2,2.23,13
REQ-00643,2026-01-19 00:18:00,Auth Service,Production,Hyderabad,POST,500,217.6,3.46,460
REQ-00644,2026-01-10 10:09:00,API Gateway,Staging,Hyderabad,GET,200,321.9,2.37,188
REQ-00645,2026-04-19 07:36:00,Auth Service,Production,Pune,PUT,500,308.9,1.96,263
REQ-00646,2026-03-13 20:23:00,Auth Service,Production,Hyderabad,POST,200,150.9,1.95,11
REQ-00647,2026-06-14 16:43:00,Payment Service,Production,Bangalore,PUT,200,287.5,0.9,123
REQ-00648,2026-05-11 05:35:00,Auth Service,Staging,Pune,GET,503,125.0,1.84,357
REQ-00649,2026-06-03 18:39:00,Notification Service,Production,Hyderabad,GET,200,310.2,3.91,226
REQ-00650,2026-02-28 04:28:00,Payment Service,Staging,Bangalore,DELETE,200,327.2,1.17,33
REQ-00651,2026-01-20 23:02:00,User Service,Production,Bangalore,GET,404,248.2,0.89,4
REQ-00652,2026-01-11 13:18:00,Payment Service,Staging,Hyderabad,GET,401,392.7,2.55,9
REQ-00653,2026-03-22 01:00:00,Notification Service,Production,Pune,GET,404,394.3,2.47,429
REQ-00654,2026-06-03 21:37:00,User Service,Production,Mumbai,GET,200,243.6,1.54,352
REQ-00655,2026-02-09 15:44:00,Auth Service,Production,Mumbai,GET,200,177.5,3.2,132
REQ-00656,2026-05-23 12:32:00,Auth Service,Production,Mumbai,POST,201,148.1,2.68,479
REQ-00657,2026-02-12 02:54:00,Auth Service,Production,Hyderabad,POST,503,300.9,2.9,27
REQ-00658,2026-04-30 01:39:00,Notification Service,Production,Bangalore,POST,200,60.1,0.42,242
REQ-00659,2026-03-31 22:46:00,Auth Service,Production,Hyderabad,GET,200,127.7,3.89,165
REQ-00660,2026-03-15 04:04:00,Auth Service,Staging,Pune,POST,200,156.5,0.79,420
REQ-00661,2026-01-24 08:35:00,User Service,Production,Hyderabad,POST,503,401.0,0.8,453
REQ-00662,2026-05-03 05:13:00,Payment Service,Staging,Bangalore,POST,401,259.9,0.59,369
REQ-00663,2026-03-18 14:30:00,Payment Service,Production,Bangalore,POST,404,380.5,0.14,334
REQ-00664,2026-01-27 07:19:00,Notification Service,Production,Pune,GET,200,240.7,2.09,313
REQ-00665,2026-02-07 14:24:00,User Service,Production,Mumbai,POST,200,267.2,1.2,93
REQ-00666,2026-04-21 22:42:00,Auth Service,Production,Mumbai,GET,503,181.5,2.95,237
REQ-00667,2026-03-10 23:01:00,API Gateway,Production,Mumbai,POST,200,271.9,3.65,337
REQ-00668,2026-04-09 11:40:00,User Service,Production,Pune,DELETE,502,253.1,3.17,283
REQ-00669,2026-01-08 18:22:00,Payment Service,Staging,Pune,POST,400,249.0,2.18,36
REQ-00670,2026-06-13 20:23:00,API Gateway,Production,Hyderabad,GET,503,440.7,1.16,152
REQ-00671,2026-03-13 02:53:00,Auth Service,Staging,Bangalore,GET,200,107.0,1.6,335
REQ-00672,2026-02-10 17:35:00,Payment Service,Production,Mumbai,POST,429,354.6,3.21,365
REQ-00673,2026-05-06 22:03:00,User Service,Production,Hyderabad,POST,200,161.9,2.09,146
REQ-00674,2026-01-30 18:23:00,Notification Service,Staging,Bangalore,PUT,201,304.3,1.05,72
REQ-00675,2026-04-21 01:57:00,Notification Service,Production,Mumbai,PUT,400,181.5,1.05,255
REQ-00676,2026-05-26 21:38:00,Notification Service,Production,Hyderabad,PUT,200,229.3,1.36,412
REQ-00677,2026-02-09 06:03:00,API Gateway,Production,Bangalore,GET,200,151.0,1.61,1
REQ-00678,2026-05-12 15:34:00,Auth Service,Production,Pune,GET,200,126.2,3.08,359
REQ-00679,2026-05-05 04:33:00,User Service,Production,Mumbai,POST,201,280.7,2.47,487
REQ-00680,2026-06-09 08:54:00,API Gateway,Staging,Bangalore,GET,200,209.8,3.38,78
REQ-00681,2026-04-16 11:17:00,User Service,Staging,Bangalore,GET,200,184.0,1.99,145
REQ-00682,2026-06-18 21:26:00,Auth Service,Production,Hyderabad,GET,500,163.3,1.7,458
REQ-00683,2026-01-20 19:52:00,API Gateway,Staging,Bangalore,GET,200,194.8,1.28,176
REQ-00684,2026-01-29 15:49:00,Auth Service,Production,Mumbai,PUT,200,137.4,3.39,155
REQ-00685,2026-02-14 06:29:00,User Service,Production,Hyderabad,GET,200,219.1,0.79,474
REQ-00686,2026-04-03 19:33:00,Auth Service,Production,Pune,DELETE,429,126.8,3.65,103
REQ-00687,2026-01-09 04:54:00,API Gateway,Production,Mumbai,POST,200,237.5,2.32,173
REQ-00688,2026-01-04 22:26:00,Payment Service,Production,Bangalore,GET,200,543.9,2.23,116
REQ-00689,2026-01-30 23:29:00,Payment Service,Staging,Bangalore,POST,200,158.0,1.36,434
REQ-00690,2026-01-11 06:39:00,Payment Service,Staging,Bangalore,GET,200,279.6,1.29,238
REQ-00691,2026-06-27 02:45:00,Auth Service,Production,Mumbai,POST,502,126.5,1.89,239
REQ-00692,2026-04-20 14:28:00,API Gateway,Production,Pune,POST,201,282.0,1.26,79
REQ-00693,2026-06-12 14:33:00,Payment Service,Production,Pune,POST,503,526.3,1.92,315
REQ-00694,2026-03-03 00:36:00,Payment Service,Production,Bangalore,GET,500,613.0,2.52,410
REQ-00695,2026-04-09 05:19:00,Payment Service,Staging,Hyderabad,POST,502,591.7,0.54,393
REQ-00696,2026-04-18 18:39:00,Auth Service,Production,Hyderabad,POST,201,101.4,3.18,29
REQ-00697,2026-01-25 10:27:00,User Service,Production,Bangalore,POST,503,131.6,2.62,99
REQ-00698,2026-01-20 09:38:00,User Service,Production,Bangalore,GET,503,312.8,0.48,126
REQ-00699,2026-03-07 18:19:00,Payment Service,Production,Bangalore,POST,429,309.6,1.32,85
REQ-00700,2026-02-15 13:04:00,Auth Service,Production,Pune,POST,502,402.8,2.68,230
REQ-00701,2026-05-19 03:10:00,Auth Service,Production,Mumbai,GET,200,153.7,2.89,13
REQ-00702,2026-01-07 07:19:00,Notification Service,Staging,Bangalore,PUT,200,190.9,1.05,358
REQ-00703,2026-04-09 23:09:00,Notification Service,Production,Hyderabad,PUT,200,385.1,3.3,448
REQ-00704,2026-03-07 14:15:00,API Gateway,Production,Hyderabad,POST,500,244.9,2.77,394
REQ-00705,2026-04-23 04:44:00,User Service,Production,Mumbai,GET,500,400.9,0.29,166
REQ-00706,2026-04-10 15:58:00,User Service,Production,Bangalore,DELETE,200,136.7,3.87,29
REQ-00707,2026-06-29 03:30:00,Auth Service,Production,Mumbai,GET,500,373.5,0.61,25
REQ-00708,2026-03-09 14:32:00,Notification Service,Production,Pune,GET,503,601.9,2.45,314
REQ-00709,2026-06-28 17:09:00,User Service,Production,Hyderabad,PUT,200,272.8,1.22,65
REQ-00710,2026-01-09 11:44:00,Auth Service,Production,Bangalore,POST,503,199.5,3.12,216
REQ-00711,2026-04-05 13:09:00,Payment Service,Staging,Hyderabad,POST,200,289.4,3.66,16
REQ-00712,2026-06-23 04:42:00,Payment Service,Production,Mumbai,GET,200,319.0,3.35,218
REQ-00713,2026-02-12 17:54:00,Notification Service,Production,Hyderabad,POST,502,277.4,3.64,455
REQ-00714,2026-01-09 11:11:00,Notification Service,Staging,Hyderabad,POST,200,229.6,1.93,35
REQ-00715,2026-03-13 21:35:00,User Service,Production,Mumbai,GET,200,241.4,0.61,107
REQ-00716,2026-01-01 18:52:00,API Gateway,Production,Hyderabad,GET,200,315.7,0.74,464
REQ-00717,2026-06-26 02:48:00,Auth Service,Production,Bangalore,PUT,200,129.8,3.97,101
REQ-00718,2026-02-08 18:09:00,User Service,Staging,Bangalore,GET,400,137.2,0.61,435
REQ-00719,2026-04-09 02:27:00,Auth Service,Production,Mumbai,GET,200,151.2,1.81,355
REQ-00720,2026-01-20 11:16:00,User Service,Production,Mumbai,GET,502,489.9,2.53,484
REQ-00721,2026-03-13 04:19:00,Notification Service,Production,Bangalore,GET,200,156.5,2.54,441
REQ-00722,2026-04-27 13:36:00,User Service,Production,Bangalore,PUT,200,145.9,0.78,102
REQ-00723,2026-01-19 01:48:00,Payment Service,Production,Pune,POST,502,682.6,0.63,415
REQ-00724,2026-01-26 23:40:00,Notification Service,Production,Pune,GET,200,191.6,3.15,474
REQ-00725,2026-02-28 19:04:00,Auth Service,Production,Bangalore,GET,200,82.8,3.95,311
REQ-00726,2026-03-21 23:18:00,Auth Service,Production,Hyderabad,POST,200,69.0,3.17,352
REQ-00727,2026-04-28 07:13:00,Auth Service,Staging,Bangalore,GET,200,146.2,2.59,71
REQ-00728,2026-01-13 14:54:00,Auth Service,Staging,Pune,POST,201,115.5,3.45,198
REQ-00729,2026-01-12 22:34:00,Auth Service,Staging,Pune,GET,502,236.4,0.46,46
REQ-00730,2026-05-09 09:15:00,Notification Service,Production,Bangalore,GET,200,310.4,2.53,98
REQ-00731,2026-04-16 19:36:00,Notification Service,Production,Hyderabad,GET,200,315.8,0.13,40
REQ-00732,2026-04-30 10:39:00,Payment Service,Production,Pune,POST,200,431.4,3.01,289
REQ-00733,2026-01-18 00:50:00,Notification Service,Production,Hyderabad,GET,200,247.1,2.55,453
REQ-00734,2026-04-07 11:28:00,Auth Service,Staging,Mumbai,POST,200,146.6,0.31,18
REQ-00735,2026-04-08 22:41:00,API Gateway,Production,Pune,PUT,502,301.2,3.22,166
REQ-00736,2026-02-15 14:01:00,User Service,Production,Pune,GET,201,321.8,0.95,186
REQ-00737,2026-05-21 20:21:00,User Service,Production,Bangalore,GET,200,253.8,1.57,434
REQ-00738,2026-01-12 19:04:00,Payment Service,Production,Bangalore,GET,200,318.0,1.93,409
REQ-00739,2026-02-01 19:56:00,Notification Service,Staging,Bangalore,GET,502,281.7,2.38,323
REQ-00740,2026-04-15 16:17:00,Notification Service,Production,Bangalore,GET,200,184.4,1.97,129
REQ-00741,2026-02-26 05:46:00,API Gateway,Production,Hyderabad,DELETE,200,181.1,1.62,356
REQ-00742,2026-03-07 12:26:00,User Service,Production,Pune,GET,200,154.4,0.91,489
REQ-00743,2026-06-26 13:30:00,Auth Service,Production,Pune,POST,200,98.6,3.32,282
REQ-00744,2026-04-20 04:12:00,API Gateway,Production,Mumbai,GET,429,233.7,2.57,402
REQ-00745,2026-02-05 02:48:00,Payment Service,Production,Hyderabad,PUT,200,325.7,3.64,168
REQ-00746,2026-04-26 13:13:00,Notification Service,Production,Hyderabad,POST,429,170.3,3.88,69
REQ-00747,2026-03-21 22:00:00,Notification Service,Staging,Bangalore,POST,200,111.6,0.17,220
REQ-00748,2026-04-07 15:55:00,API Gateway,Production,Mumbai,GET,200,234.6,0.29,101
REQ-00749,2026-03-18 11:00:00,Auth Service,Production,Mumbai,POST,503,304.9,3.08,454
REQ-00750,2026-02-22 09:12:00,API Gateway,Production,Mumbai,GET,400,206.9,2.47,313
REQ-00751,2026-06-22 08:18:00,Payment Service,Production,Pune,PUT,404,179.3,3.92,415
REQ-00752,2026-06-06 11:48:00,Payment Service,Production,Pune,POST,404,371.1,3.28,372
REQ-00753,2026-02-15 17:47:00,Auth Service,Production,Hyderabad,POST,200,135.0,0.49,77
REQ-00754,2026-02-11 17:31:00,Auth Service,Production,Bangalore,GET,429,143.1,1.35,330
REQ-00755,2026-03-04 01:27:00,User Service,Production,Bangalore,GET,200,177.8,2.83,151
REQ-00756,2026-03-20 17:56:00,API Gateway,Staging,Mumbai,POST,200,175.0,1.51,186
REQ-00757,2026-05-13 13:01:00,Payment Service,Staging,Pune,PUT,201,266.8,3.34,18
REQ-00758,2026-02-04 21:28:00,Auth Service,Production,Bangalore,PUT,200,183.4,2.46,34
REQ-00759,2026-01-01 09:55:00,Payment Service,Production,Pune,GET,503,573.1,0.24,272
REQ-00760,2026-06-03 09:38:00,Payment Service,Production,Mumbai,POST,201,341.0,1.38,496
REQ-00761,2026-05-24 11:28:00,API Gateway,Production,Mumbai,GET,200,228.0,1.73,454
REQ-00762,2026-02-24 02:46:00,Auth Service,Production,Pune,POST,201,103.8,1.9,121
REQ-00763,2026-02-15 10:21:00,User Service,Production,Mumbai,GET,200,193.5,0.8,232
REQ-00764,2026-06-17 09:39:00,API Gateway,Staging,Pune,POST,200,243.7,1.35,116
REQ-00765,2026-03-16 04:33:00,API Gateway,Production,Pune,GET,502,32.7,0.54,355
REQ-00766,2026-03-19 16:10:00,Notification Service,Production,Hyderabad,POST,429,220.3,0.55,15
REQ-00767,2026-01-21 04:46:00,User Service,Production,Hyderabad,GET,200,198.2,1.7,306
REQ-00768,2026-02-06 09:09:00,Payment Service,Production,Hyderabad,DELETE,429,342.3,2.99,139
REQ-00769,2026-02-23 11:48:00,User Service,Staging,Bangalore,POST,200,205.5,2.21,181
REQ-00770,2026-06-15 15:02:00,API Gateway,Production,Mumbai,POST,200,161.2,3.98,48
REQ-00771,2026-02-27 15:49:00,Payment Service,Production,Pune,GET,502,341.8,2.54,337
REQ-00772,2026-02-11 15:06:00,API Gateway,Staging,Hyderabad,GET,500,203.2,1.34,407
REQ-00773,2026-01-03 01:32:00,API Gateway,Production,Pune,GET,200,209.4,0.46,376
REQ-00774,2026-05-16 07:19:00,API Gateway,Production,Hyderabad,GET,503,253.6,3.38,313
REQ-00775,2026-05-18 11:54:00,API Gateway,Production,Bangalore,POST,401,217.8,3.71,379
REQ-00776,2026-06-11 22:09:00,Auth Service,Production,Pune,GET,429,133.2,1.66,475
REQ-00777,2026-02-25 12:51:00,User Service,Production,Mumbai,POST,429,187.0,1.51,424
REQ-00778,2026-02-09 04:11:00,User Service,Production,Mumbai,GET,200,150.2,3.95,466
REQ-00779,2026-02-05 02:19:00,Auth Service,Production,Pune,DELETE,201,144.4,0.72,380
REQ-00780,2026-03-27 06:02:00,Auth Service,Production,Bangalore,GET,200,173.6,2.22,58
REQ-00781,2026-05-19 07:36:00,User Service,Production,Hyderabad,POST,201,236.3,3.58,335
REQ-00782,2026-02-10 18:23:00,Auth Service,Production,Bangalore,POST,200,120.4,2.69,495
REQ-00783,2026-03-20 00:13:00,API Gateway,Staging,Bangalore,PUT,200,170.7,0.3,262
REQ-00784,2026-03-18 12:26:00,Auth Service,Production,Bangalore,GET,502,315.5,2.24,226
REQ-00785,2026-01-12 12:59:00,User Service,Production,Hyderabad,PUT,200,270.2,2.08,257
REQ-00786,2026-05-16 06:34:00,Auth Service,Production,Mumbai,GET,200,124.2,3.87,98
REQ-00787,2026-03-24 14:00:00,API Gateway,Staging,Mumbai,GET,200,173.8,2.72,430
REQ-00788,2026-01-29 13:11:00,Auth Service,Production,Bangalore,POST,200,152.1,3.13,38
REQ-00789,2026-06-04 09:43:00,Payment Service,Staging,Mumbai,PUT,200,359.3,1.99,374
REQ-00790,2026-04-01 06:39:00,Auth Service,Production,Mumbai,POST,200,52.0,2.63,266
REQ-00791,2026-01-26 10:13:00,Payment Service,Production,Pune,POST,200,131.9,1.33,395
REQ-00792,2026-01-25 21:31:00,Notification Service,Staging,Pune,POST,200,297.8,2.08,218
REQ-00793,2026-04-21 17:17:00,User Service,Production,Hyderabad,GET,200,199.9,2.72,358
REQ-00794,2026-06-11 14:02:00,User Service,Staging,Mumbai,DELETE,429,130.0,2.43,93
REQ-00795,2026-01-23 21:19:00,API Gateway,Staging,Hyderabad,GET,200,183.9,3.82,354
REQ-00796,2026-01-30 03:24:00,Auth Service,Staging,Hyderabad,GET,200,119.9,1.93,93
REQ-00797,2026-02-21 15:13:00,Payment Service,Staging,Hyderabad,POST,200,321.3,0.85,224
REQ-00798,2026-04-21 19:59:00,User Service,Production,Mumbai,PUT,201,135.8,3.87,363
REQ-00799,2026-05-13 20:05:00,Payment Service,Production,Mumbai,GET,201,515.8,3.35,86
REQ-00800,2026-01-23 07:25:00,Payment Service,Production,Mumbai,DELETE,401,258.5,1.18,382
REQ-00801,2026-05-14 10:34:00,Auth Service,Staging,Mumbai,POST,200,156.8,3.84,208
REQ-00802,2026-05-28 13:38:00,Payment Service,Production,Mumbai,DELETE,200,394.5,0.29,300
REQ-00803,2026-03-01 07:55:00,Notification Service,Production,Mumbai,POST,200,226.5,3.21,6
REQ-00804,2026-03-26 08:25:00,Notification Service,Production,Hyderabad,GET,200,156.1,0.71,210
REQ-00805,2026-04-27 08:47:00,User Service,Staging,Hyderabad,POST,200,303.4,0.39,70
REQ-00806,2026-02-02 16:58:00,User Service,Staging,Mumbai,POST,200,248.3,1.15,192
REQ-00807,2026-03-05 15:35:00,User Service,Staging,Hyderabad,GET,200,266.2,1.22,428
REQ-00808,2026-04-05 14:25:00,API Gateway,Production,Bangalore,PUT,200,297.2,0.85,473
REQ-00809,2026-04-09 14:52:00,Auth Service,Production,Mumbai,DELETE,200,90.0,2.0,402
REQ-00810,2026-05-01 22:04:00,Payment Service,Staging,Hyderabad,POST,200,245.6,0.96,267
REQ-00811,2026-06-25 12:53:00,User Service,Production,Hyderabad,POST,201,283.6,0.59,275
REQ-00812,2026-05-31 23:30:00,Payment Service,Production,Pune,GET,201,386.3,1.15,180
REQ-00813,2026-01-10 04:31:00,User Service,Production,Bangalore,GET,200,193.8,3.87,293
REQ-00814,2026-02-22 08:19:00,Auth Service,Production,Mumbai,DELETE,200,134.4,2.47,455
REQ-00815,2026-03-22 06:17:00,User Service,Production,Mumbai,PUT,200,134.9,2.76,423
REQ-00816,2026-04-27 20:39:00,User Service,Production,Hyderabad,POST,500,531.3,3.01,359
REQ-00817,2026-05-25 00:14:00,Payment Service,Staging,Bangalore,GET,401,274.9,3.99,428
REQ-00818,2026-06-01 21:47:00,User Service,Staging,Pune,GET,200,343.1,0.55,454
REQ-00819,2026-01-12 18:36:00,API Gateway,Production,Hyderabad,GET,502,227.0,3.24,165
REQ-00820,2026-03-28 10:36:00,Auth Service,Production,Bangalore,POST,200,183.4,1.04,10
REQ-00821,2026-05-28 23:23:00,User Service,Production,Mumbai,POST,200,99.6,1.53,439
REQ-00822,2026-02-12 13:33:00,User Service,Production,Mumbai,GET,503,289.8,2.74,260
REQ-00823,2026-06-10 11:15:00,User Service,Production,Bangalore,GET,200,134.5,0.41,228
REQ-00824,2026-05-05 07:44:00,API Gateway,Staging,Hyderabad,GET,401,243.5,3.71,387
REQ-00825,2026-06-17 10:32:00,User Service,Production,Mumbai,GET,502,344.4,0.85,411
REQ-00826,2026-05-26 07:52:00,Payment Service,Production,Bangalore,POST,200,416.6,1.62,191
REQ-00827,2026-01-28 08:13:00,API Gateway,Production,Bangalore,GET,404,173.9,3.25,121
REQ-00828,2026-06-01 06:25:00,API Gateway,Production,Hyderabad,POST,200,225.7,0.86,155
REQ-00829,2026-06-21 12:09:00,Payment Service,Production,Mumbai,GET,200,351.8,2.06,51
REQ-00830,2026-04-24 13:43:00,API Gateway,Production,Pune,POST,200,281.6,3.89,442
REQ-00831,2026-04-03 22:35:00,API Gateway,Staging,Bangalore,POST,200,159.4,2.15,314
REQ-00832,2026-03-30 07:19:00,Auth Service,Production,Hyderabad,POST,502,363.0,0.98,299
REQ-00833,2026-03-29 01:02:00,User Service,Production,Pune,POST,200,108.4,3.45,71
REQ-00834,2026-01-15 20:30:00,Notification Service,Production,Hyderabad,POST,200,248.7,2.13,327
REQ-00835,2026-02-02 15:33:00,API Gateway,Staging,Mumbai,POST,401,79.0,3.58,88
REQ-00836,2026-04-01 12:51:00,Auth Service,Production,Pune,GET,404,173.3,2.62,292
REQ-00837,2026-01-31 21:24:00,API Gateway,Staging,Pune,POST,500,478.6,2.66,497
REQ-00838,2026-03-20 15:06:00,Notification Service,Production,Pune,GET,200,340.1,1.26,285
REQ-00839,2026-03-23 17:14:00,API Gateway,Production,Hyderabad,POST,429,161.5,2.99,371
REQ-00840,2026-05-09 06:24:00,Auth Service,Production,Pune,GET,429,191.4,0.12,91
REQ-00841,2026-04-10 02:48:00,Auth Service,Production,Mumbai,GET,500,165.5,1.01,150
REQ-00842,2026-02-04 05:37:00,User Service,Production,Pune,GET,500,418.2,1.93,272
REQ-00843,2026-06-01 09:04:00,Notification Service,Production,Pune,PUT,500,423.6,1.89,82
REQ-00844,2026-03-22 14:34:00,Notification Service,Production,Hyderabad,POST,200,275.7,0.79,253
REQ-00845,2026-03-21 15:22:00,Payment Service,Production,Bangalore,POST,200,385.2,3.98,85
REQ-00846,2026-05-30 14:32:00,API Gateway,Production,Pune,POST,503,343.2,2.39,56
REQ-00847,2026-03-15 04:06:00,Notification Service,Production,Hyderabad,GET,200,199.3,1.21,169
REQ-00848,2026-03-12 10:37:00,Notification Service,Staging,Pune,GET,503,352.3,2.09,196
REQ-00849,2026-06-23 19:41:00,API Gateway,Production,Bangalore,DELETE,201,158.4,0.31,466
REQ-00850,2026-04-18 04:48:00,Payment Service,Production,Mumbai,GET,200,354.4,3.14,34
REQ-00851,2026-04-29 07:23:00,Notification Service,Production,Mumbai,GET,201,128.5,1.92,241
REQ-00852,2026-03-10 15:23:00,Notification Service,Production,Mumbai,GET,200,184.8,2.36,284
REQ-00853,2026-03-28 14:33:00,Auth Service,Staging,Hyderabad,GET,201,162.7,1.33,197
REQ-00854,2026-04-06 18:45:00,API Gateway,Production,Mumbai,POST,200,206.4,0.31,356
REQ-00855,2026-01-27 08:21:00,Notification Service,Staging,Pune,DELETE,201,287.5,0.94,130
REQ-00856,2026-05-29 03:41:00,API Gateway,Production,Mumbai,GET,200,207.9,3.43,15
REQ-00857,2026-06-02 05:08:00,Auth Service,Production,Bangalore,DELETE,502,117.2,3.67,313
REQ-00858,2026-03-08 23:13:00,API Gateway,Staging,Bangalore,PUT,200,99.5,1.31,445
REQ-00859,2026-02-05 20:44:00,Auth Service,Production,Pune,GET,500,118.1,2.55,414
REQ-00860,2026-01-28 20:08:00,Notification Service,Production,Pune,PUT,201,167.3,3.28,426
REQ-00861,2026-02-04 14:32:00,API Gateway,Production,Mumbai,POST,401,122.4,0.42,85
REQ-00862,2026-01-14 02:07:00,Auth Service,Production,Hyderabad,POST,500,158.9,2.85,421
REQ-00863,2026-03-06 01:44:00,API Gateway,Production,Pune,GET,200,238.4,1.5,464
REQ-00864,2026-01-17 19:46:00,Payment Service,Staging,Pune,PUT,200,330.4,3.05,433
REQ-00865,2026-06-20 04:05:00,API Gateway,Production,Mumbai,GET,200,186.9,0.25,223
REQ-00866,2026-04-02 00:34:00,Auth Service,Production,Mumbai,PUT,200,195.2,1.57,350
REQ-00867,2026-06-14 04:36:00,API Gateway,Production,Hyderabad,GET,200,190.5,3.65,424
REQ-00868,2026-06-21 06:29:00,Auth Service,Production,Hyderabad,PUT,502,204.1,2.24,381
REQ-00869,2026-03-12 10:48:00,Auth Service,Production,Bangalore,GET,200,167.0,0.6,211
REQ-00870,2026-02-09 00:16:00,Payment Service,Production,Pune,POST,200,357.9,1.29,201
REQ-00871,2026-03-18 14:24:00,Payment Service,Staging,Pune,GET,200,302.6,3.54,112
REQ-00872,2026-04-30 22:07:00,User Service,Production,Bangalore,POST,200,186.7,3.56,334
REQ-00873,2026-06-14 14:07:00,Auth Service,Production,Pune,DELETE,200,146.6,2.6,255
REQ-00874,2026-02-17 08:27:00,API Gateway,Production,Bangalore,GET,500,96.4,0.39,64
REQ-00875,2026-02-12 02:45:00,Payment Service,Production,Hyderabad,GET,500,386.8,0.86,20
REQ-00876,2026-06-09 07:28:00,Notification Service,Production,Bangalore,GET,500,435.9,3.24,246
REQ-00877,2026-01-04 16:15:00,Notification Service,Production,Hyderabad,POST,429,343.0,2.7,67
REQ-00878,2026-01-29 10:49:00,Auth Service,Production,Bangalore,GET,201,99.4,1.54,83
REQ-00879,2026-06-19 06:48:00,Auth Service,Production,Mumbai,GET,200,95.1,0.85,279
REQ-00880,2026-01-02 22:50:00,Notification Service,Production,Bangalore,PUT,200,306.1,0.99,100
REQ-00881,2026-03-04 08:32:00,Auth Service,Production,Hyderabad,GET,500,139.2,0.69,128
REQ-00882,2026-02-18 01:44:00,Auth Service,Production,Hyderabad,PUT,201,203.2,3.68,94
REQ-00883,2026-03-14 03:55:00,API Gateway,Production,Pune,DELETE,500,358.7,1.59,116
REQ-00884,2026-04-11 12:15:00,API Gateway,Production,Hyderabad,PUT,200,102.0,1.28,147
REQ-00885,2026-04-07 04:38:00,Auth Service,Production,Pune,PUT,200,135.5,3.78,346
REQ-00886,2026-06-11 08:46:00,User Service,Production,Bangalore,GET,404,268.1,1.61,386
REQ-00887,2026-06-21 13:46:00,Notification Service,Production,Hyderabad,GET,201,237.8,1.99,380
REQ-00888,2026-05-29 21:38:00,API Gateway,Production,Bangalore,GET,400,181.3,3.98,73
REQ-00889,2026-01-18 19:31:00,User Service,Production,Mumbai,GET,200,205.4,1.02,241
REQ-00890,2026-03-24 04:21:00,API Gateway,Staging,Pune,GET,200,170.6,1.32,135
REQ-00891,2026-06-11 11:05:00,User Service,Production,Mumbai,POST,201,195.7,3.64,324
REQ-00892,2026-05-30 03:26:00,API Gateway,Production,Bangalore,POST,400,171.0,2.02,470
REQ-00893,2026-01-22 06:15:00,Payment Service,Production,Pune,POST,200,204.0,2.72,359
REQ-00894,2026-05-21 17:26:00,Payment Service,Staging,Mumbai,DELETE,401,312.5,2.97,186
REQ-00895,2026-04-20 14:26:00,User Service,Production,Bangalore,POST,200,176.1,0.95,365
REQ-00896,2026-06-19 22:12:00,Payment Service,Production,Bangalore,GET,404,328.2,3.3,79
REQ-00897,2026-01-19 21:33:00,Payment Service,Production,Pune,GET,200,237.2,2.55,435
REQ-00898,2026-01-04 14:32:00,Payment Service,Production,Pune,GET,201,410.1,1.04,13
REQ-00899,2026-05-02 02:18:00,Notification Service,Production,Hyderabad,POST,200,222.6,1.88,356
REQ-00900,2026-04-23 08:09:00,Auth Service,Production,Hyderabad,GET,503,199.5,3.7,111
REQ-00901,2026-01-08 15:29:00,Auth Service,Production,Pune,POST,200,186.3,3.26,387
REQ-00902,2026-02-06 14:46:00,Auth Service,Production,Pune,DELETE,200,221.1,1.54,474
REQ-00903,2026-05-26 07:34:00,Payment Service,Production,Pune,DELETE,200,269.4,3.62,23
REQ-00904,2026-06-26 00:47:00,API Gateway,Production,Mumbai,POST,500,207.5,3.76,475
REQ-00905,2026-05-31 01:50:00,Notification Service,Staging,Hyderabad,PUT,200,222.0,2.23,113
REQ-00906,2026-05-01 05:01:00,Auth Service,Production,Bangalore,GET,201,110.8,2.22,31
REQ-00907,2026-06-07 14:51:00,Payment Service,Production,Hyderabad,POST,201,353.5,0.19,356
REQ-00908,2026-02-04 13:37:00,User Service,Production,Bangalore,PUT,429,260.1,0.74,376
REQ-00909,2026-01-04 04:51:00,Notification Service,Production,Hyderabad,DELETE,502,428.1,3.93,21
REQ-00910,2026-03-07 12:28:00,User Service,Staging,Pune,GET,200,194.6,3.24,470
REQ-00911,2026-01-10 02:12:00,API Gateway,Production,Hyderabad,GET,200,68.7,0.68,426
REQ-00912,2026-01-01 09:19:00,API Gateway,Production,Mumbai,POST,400,168.4,2.46,38
REQ-00913,2026-05-01 21:44:00,API Gateway,Production,Mumbai,DELETE,200,117.2,3.8,56
REQ-00914,2026-06-19 15:28:00,Auth Service,Production,Mumbai,GET,503,280.4,3.92,49
REQ-00915,2026-05-30 01:54:00,Payment Service,Production,Hyderabad,GET,200,239.1,2.71,444
REQ-00916,2026-04-04 01:55:00,Auth Service,Production,Mumbai,GET,401,153.3,3.87,271
REQ-00917,2026-01-04 03:12:00,Auth Service,Production,Hyderabad,PUT,200,144.2,1.01,382
REQ-00918,2026-06-18 05:44:00,Auth Service,Staging,Pune,GET,200,127.5,2.98,219
REQ-00919,2026-02-22 15:07:00,Payment Service,Production,Bangalore,DELETE,200,124.3,0.86,473
REQ-00920,2026-05-22 23:26:00,API Gateway,Staging,Bangalore,POST,200,193.8,2.1,414
REQ-00921,2026-06-23 07:30:00,Payment Service,Production,Mumbai,GET,200,346.7,0.73,469
REQ-00922,2026-05-13 21:45:00,API Gateway,Production,Pune,GET,400,187.0,3.51,156
REQ-00923,2026-05-30 15:28:00,User Service,Production,Mumbai,POST,200,246.6,0.84,400
REQ-00924,2026-05-04 23:54:00,User Service,Production,Pune,GET,201,161.7,1.13,472
REQ-00925,2026-03-26 01:06:00,Auth Service,Production,Pune,DELETE,200,184.9,2.29,178
REQ-00926,2026-04-26 08:49:00,Auth Service,Staging,Mumbai,GET,200,184.8,2.92,287
REQ-00927,2026-04-27 14:52:00,API Gateway,Staging,Mumbai,PUT,201,262.3,2.78,305
REQ-00928,2026-01-01 14:00:00,API Gateway,Production,Pune,POST,400,200.7,2.38,59
REQ-00929,2026-06-15 19:15:00,Payment Service,Production,Bangalore,POST,200,145.5,2.22,436
REQ-00930,2026-04-15 13:54:00,API Gateway,Production,Hyderabad,GET,200,134.9,0.83,28
REQ-00931,2026-01-10 21:40:00,API Gateway,Production,Pune,POST,201,266.8,1.22,291
REQ-00932,2026-06-16 06:23:00,API Gateway,Production,Bangalore,POST,200,190.1,3.46,89
REQ-00933,2026-02-24 19:47:00,API Gateway,Production,Mumbai,POST,201,111.5,0.76,229
REQ-00934,2026-01-06 02:18:00,API Gateway,Production,Bangalore,PUT,502,401.2,4.0,316
REQ-00935,2026-03-26 05:22:00,Auth Service,Production,Mumbai,GET,200,134.4,3.62,353
REQ-00936,2026-05-31 23:40:00,Notification Service,Production,Mumbai,PUT,500,267.9,0.25,80
REQ-00937,2026-03-20 22:54:00,Payment Service,Production,Bangalore,GET,200,507.4,0.47,52
REQ-00938,2026-01-03 18:41:00,User Service,Production,Mumbai,POST,200,207.9,1.74,69
REQ-00939,2026-01-17 10:31:00,Payment Service,Production,Pune,GET,429,299.0,0.93,309
REQ-00940,2026-01-12 21:58:00,Payment Service,Production,Hyderabad,PUT,500,516.5,0.59,197
REQ-00941,2026-04-07 13:25:00,Payment Service,Staging,Hyderabad,GET,502,294.5,2.03,248
REQ-00942,2026-01-13 08:30:00,User Service,Production,Pune,GET,200,159.4,3.17,131
REQ-00943,2026-03-13 02:35:00,Auth Service,Production,Bangalore,POST,200,205.6,1.17,457
REQ-00944,2026-05-04 11:24:00,Auth Service,Production,Mumbai,GET,200,157.3,2.05,416
REQ-00945,2026-05-24 05:51:00,User Service,Production,Mumbai,PUT,429,145.4,3.11,20
REQ-00946,2026-03-01 08:41:00,User Service,Production,Hyderabad,PUT,503,180.9,2.85,307
REQ-00947,2026-06-02 01:21:00,Auth Service,Production,Mumbai,POST,400,226.6,1.01,128
REQ-00948,2026-06-19 22:17:00,User Service,Production,Bangalore,POST,200,175.1,2.05,268
REQ-00949,2026-05-08 07:06:00,Notification Service,Production,Pune,GET,200,298.0,1.71,68
REQ-00950,2026-05-22 03:06:00,Notification Service,Production,Mumbai,POST,200,99.2,1.64,265
REQ-00951,2026-03-25 22:00:00,API Gateway,Production,Bangalore,POST,201,138.1,1.83,297
REQ-00952,2026-04-07 15:50:00,API Gateway,Staging,Pune,GET,500,590.7,0.15,25
REQ-00953,2026-05-24 23:53:00,Auth Service,Staging,Pune,PUT,400,152.0,3.41,336
REQ-00954,2026-03-07 18:22:00,Auth Service,Production,Bangalore,PUT,200,91.5,3.38,150
REQ-00955,2026-04-30 11:06:00,API Gateway,Production,Mumbai,POST,201,148.2,2.64,492
REQ-00956,2026-06-28 01:12:00,Payment Service,Production,Mumbai,POST,502,671.9,3.56,197
REQ-00957,2026-06-10 10:53:00,Notification Service,Production,Bangalore,GET,502,687.4,0.74,256
REQ-00958,2026-06-20 10:56:00,Payment Service,Production,Pune,POST,200,332.3,0.18,123
REQ-00959,2026-01-11 04:37:00,Payment Service,Production,Bangalore,POST,429,273.4,2.6,7
REQ-00960,2026-06-11 17:58:00,Payment Service,Production,Mumbai,POST,404,366.3,0.22,213
REQ-00961,2026-06-05 14:25:00,User Service,Production,Hyderabad,POST,200,171.8,2.12,154
REQ-00962,2026-01-14 20:57:00,User Service,Production,Bangalore,GET,503,307.0,2.36,15
REQ-00963,2026-01-06 03:19:00,User Service,Production,Hyderabad,PUT,200,164.6,0.38,377
REQ-00964,2026-05-05 10:06:00,Auth Service,Staging,Mumbai,POST,201,119.2,3.39,208
REQ-00965,2026-05-19 18:43:00,Auth Service,Production,Bangalore,POST,401,210.9,3.07,211
REQ-00966,2026-05-16 12:46:00,User Service,Production,Hyderabad,GET,200,243.0,2.37,351
REQ-00967,2026-03-31 17:08:00,API Gateway,Production,Hyderabad,DELETE,400,198.8,0.12,22
REQ-00968,2026-02-18 06:07:00,Notification Service,Production,Bangalore,POST,200,183.1,1.9,188
REQ-00969,2026-06-04 03:19:00,API Gateway,Production,Pune,GET,503,209.4,2.69,270
REQ-00970,2026-04-30 11:35:00,Payment Service,Production,Hyderabad,DELETE,200,218.1,1.57,450
REQ-00971,2026-01-27 03:36:00,API Gateway,Staging,Pune,GET,200,246.4,3.02,470
REQ-00972,2026-02-22 20:40:00,Notification Service,Production,Hyderabad,POST,502,327.0,3.75,57
REQ-00973,2026-04-15 07:34:00,Payment Service,Production,Pune,POST,200,246.2,3.45,285
REQ-00974,2026-04-19 11:27:00,Notification Service,Production,Mumbai,PUT,200,232.3,3.6,141
REQ-00975,2026-03-13 04:57:00,Payment Service,Production,Pune,POST,200,318.5,2.75,379
REQ-00976,2026-05-10 08:18:00,Auth Service,Staging,Mumbai,GET,503,300.8,3.75,439
REQ-00977,2026-01-27 21:12:00,API Gateway,Production,Bangalore,GET,200,216.5,1.72,371
REQ-00978,2026-01-05 03:07:00,Payment Service,Production,Bangalore,GET,200,360.2,3.77,445
REQ-00979,2026-06-15 20:26:00,Payment Service,Production,Mumbai,PUT,200,202.2,3.73,267
REQ-00980,2026-01-26 19:40:00,Payment Service,Production,Hyderabad,GET,200,161.2,0.9,166
REQ-00981,2026-03-26 14:44:00,API Gateway,Production,Pune,GET,200,260.2,1.02,13
REQ-00982,2026-05-03 01:38:00,API Gateway,Staging,Hyderabad,PUT,400,224.2,2.03,391
REQ-00983,2026-01-20 18:20:00,API Gateway,Production,Bangalore,GET,200,229.5,2.33,183
REQ-00984,2026-03-17 23:08:00,User Service,Production,Pune,GET,500,401.3,2.55,134
REQ-00985,2026-02-16 00:27:00,Notification Service,Production,Hyderabad,POST,200,161.5,3.02,296
REQ-00986,2026-05-16 19:46:00,Payment Service,Production,Pune,POST,500,239.7,0.27,166
REQ-00987,2026-03-25 05:13:00,Payment Service,Production,Bangalore,POST,201,274.9,2.33,241
REQ-00988,2026-03-31 14:00:00,Auth Service,Production,Bangalore,PUT,200,162.0,2.85,393
REQ-00989,2026-01-02 09:15:00,Auth Service,Staging,Hyderabad,GET,500,123.6,1.31,336
REQ-00990,2026-05-24 05:12:00,User Service,Staging,Hyderabad,GET,200,233.2,2.2,257
REQ-00991,2026-04-25 05:26:00,API Gateway,Production,Hyderabad,GET,200,141.9,1.8,351
REQ-00992,2026-05-14 23:27:00,API Gateway,Production,Bangalore,PUT,200,198.2,3.47,111
REQ-00993,2026-01-26 08:39:00,API Gateway,Production,Pune,GET,429,205.5,0.54,205
REQ-00994,2026-06-16 10:04:00,Notification Service,Production,Pune,PUT,500,435.0,0.74,497
REQ-00995,2026-03-11 06:47:00,API Gateway,Production,Hyderabad,GET,201,193.4,0.41,367
REQ-00996,2026-01-12 08:55:00,User Service,Staging,Bangalore,PUT,429,218.3,0.69,250
REQ-00997,2026-01-06 19:41:00,Notification Service,Production,Mumbai,GET,200,243.6,2.78,29
REQ-00998,2026-05-22 02:01:00,Notification Service,Production,Mumbai,GET,200,174.3,3.63,299
REQ-00999,2026-01-06 12:22:00,API Gateway,Production,Mumbai,POST,502,421.6,1.84,32
REQ-01000,2026-02-05 21:07:00,Payment Service,Staging,Mumbai,POST,200,400.7,3.37,41
REQ-01001,2026-04-23 23:57:00,API Gateway,Production,Hyderabad,GET,200,143.6,1.24,498
REQ-01002,2026-05-27 15:15:00,User Service,Production,Mumbai,DELETE,200,189.5,2.32,440
REQ-01003,2026-01-26 13:07:00,User Service,Staging,Hyderabad,PUT,200,206.0,1.66,236
REQ-01004,2026-02-01 23:49:00,Auth Service,Staging,Pune,POST,200,141.1,3.59,202
REQ-01005,2026-04-21 01:26:00,User Service,Production,Mumbai,GET,429,126.1,3.13,71
REQ-01006,2026-01-17 05:25:00,API Gateway,Production,Mumbai,GET,201,156.2,3.2,494
REQ-01007,2026-05-11 01:06:00,Auth Service,Production,Pune,PUT,500,317.0,0.5,33
REQ-01008,2026-05-14 17:33:00,User Service,Production,Hyderabad,GET,200,207.3,0.6,25
REQ-01009,2026-02-02 09:28:00,Notification Service,Production,Hyderabad,POST,400,219.7,1.38,295
REQ-01010,2026-01-26 02:43:00,Auth Service,Staging,Mumbai,GET,502,260.1,1.03,16
REQ-01011,2026-03-21 17:52:00,API Gateway,Production,Bangalore,PUT,200,200.0,1.07,354
REQ-01012,2026-01-26 12:11:00,Payment Service,Production,Bangalore,GET,200,259.0,3.13,114
REQ-01013,2026-05-14 21:23:00,Notification Service,Staging,Hyderabad,PUT,200,77.4,3.46,208
REQ-01014,2026-06-20 13:39:00,Payment Service,Staging,Hyderabad,GET,503,692.8,3.02,447
REQ-01015,2026-04-30 08:00:00,API Gateway,Staging,Hyderabad,POST,429,150.1,0.87,228
REQ-01016,2026-01-03 00:01:00,Payment Service,Production,Pune,DELETE,400,442.7,2.69,278
REQ-01017,2026-03-09 10:11:00,Auth Service,Production,Pune,DELETE,401,113.8,2.75,39
REQ-01018,2026-04-12 01:12:00,API Gateway,Production,Bangalore,DELETE,200,153.5,3.48,307
REQ-01019,2026-05-04 06:25:00,User Service,Production,Mumbai,GET,201,205.2,2.5,93
REQ-01020,2026-05-01 15:17:00,Auth Service,Production,Pune,GET,500,245.6,3.81,378
REQ-01021,2026-06-23 19:49:00,Auth Service,Staging,Hyderabad,PUT,502,165.5,0.51,179
REQ-01022,2026-04-20 23:47:00,Payment Service,Production,Bangalore,DELETE,500,326.7,0.59,95
REQ-01023,2026-06-08 11:28:00,Payment Service,Production,Bangalore,DELETE,200,276.0,2.52,28
REQ-01024,2026-01-29 06:41:00,API Gateway,Production,Mumbai,GET,200,172.4,1.02,51
REQ-01025,2026-03-17 17:14:00,API Gateway,Production,Mumbai,GET,200,141.4,1.39,287
REQ-01026,2026-04-28 13:15:00,API Gateway,Production,Pune,GET,400,156.8,1.34,216
REQ-01027,2026-01-11 10:52:00,Auth Service,Production,Mumbai,POST,201,165.8,1.8,1
REQ-01028,2026-01-12 14:22:00,Payment Service,Staging,Hyderabad,GET,500,618.4,2.28,401
REQ-01029,2026-06-13 09:51:00,Payment Service,Production,Pune,PUT,201,218.2,0.74,365
REQ-01030,2026-03-30 13:22:00,Auth Service,Production,Bangalore,GET,200,99.4,2.4,390
REQ-01031,2026-05-26 21:39:00,API Gateway,Production,Hyderabad,GET,200,200.3,3.65,446
REQ-01032,2026-03-26 04:19:00,API Gateway,Production,Hyderabad,GET,200,246.6,1.71,54
REQ-01033,2026-01-08 09:18:00,User Service,Production,Hyderabad,PUT,200,256.9,2.89,378
REQ-01034,2026-02-07 23:31:00,Auth Service,Staging,Mumbai,GET,500,213.2,0.92,126
REQ-01035,2026-05-21 21:50:00,Payment Service,Production,Mumbai,POST,502,569.5,2.81,182
REQ-01036,2026-06-23 05:45:00,API Gateway,Production,Mumbai,POST,200,175.6,0.74,184
REQ-01037,2026-03-06 01:34:00,API Gateway,Production,Bangalore,GET,201,153.0,2.39,139
REQ-01038,2026-01-14 22:52:00,Payment Service,Production,Bangalore,GET,200,263.9,1.8,164
REQ-01039,2026-06-12 04:43:00,API Gateway,Staging,Pune,GET,201,197.1,3.33,359
REQ-01040,2026-05-17 06:01:00,Auth Service,Production,Hyderabad,POST,401,153.6,3.08,243
REQ-01041,2026-05-01 17:22:00,User Service,Production,Pune,POST,429,212.9,1.64,343
REQ-01042,2026-01-20 19:46:00,Notification Service,Staging,Bangalore,GET,404,250.8,0.82,280
REQ-01043,2026-02-26 22:31:00,Payment Service,Production,Mumbai,PUT,401,377.8,1.91,62
REQ-01044,2026-06-24 09:33:00,Payment Service,Production,Pune,GET,429,223.2,1.21,472
REQ-01045,2026-05-12 03:54:00,Auth Service,Production,Hyderabad,POST,201,93.4,3.88,31
REQ-01046,2026-05-14 22:39:00,User Service,Production,Hyderabad,GET,200,225.8,3.85,116
REQ-01047,2026-03-07 07:04:00,Payment Service,Staging,Mumbai,GET,404,278.6,0.72,192
REQ-01048,2026-05-04 00:55:00,API Gateway,Production,Mumbai,POST,200,231.1,2.64,425
REQ-01049,2026-01-26 20:11:00,Notification Service,Production,Mumbai,POST,200,247.2,2.36,158
REQ-01050,2026-05-15 01:45:00,Auth Service,Production,Bangalore,POST,200,111.5,0.77,371
REQ-01051,2026-04-06 04:06:00,Notification Service,Production,Mumbai,POST,200,281.3,3.83,365
REQ-01052,2026-04-06 21:57:00,Notification Service,Production,Hyderabad,POST,404,249.4,2.4,221
REQ-01053,2026-04-18 07:19:00,User Service,Staging,Pune,POST,200,260.6,0.92,391
REQ-01054,2026-05-04 09:40:00,API Gateway,Production,Mumbai,GET,200,157.3,3.99,35
REQ-01055,2026-04-13 21:42:00,User Service,Production,Hyderabad,POST,503,260.0,1.09,96
REQ-01056,2026-04-17 16:25:00,API Gateway,Production,Bangalore,POST,200,215.9,0.11,208
REQ-01057,2026-02-11 10:08:00,API Gateway,Production,Hyderabad,GET,401,43.7,2.6,239
REQ-01058,2026-04-22 01:50:00,Auth Service,Production,Mumbai,GET,200,136.3,2.39,225
REQ-01059,2026-01-27 06:05:00,Notification Service,Staging,Mumbai,POST,200,193.4,1.82,457
REQ-01060,2026-01-22 15:19:00,API Gateway,Production,Mumbai,GET,400,132.5,3.0,173
REQ-01061,2026-06-21 21:18:00,User Service,Production,Bangalore,POST,201,235.9,1.25,390
REQ-01062,2026-06-12 08:22:00,API Gateway,Production,Mumbai,PUT,200,186.8,2.91,478
REQ-01063,2026-06-18 07:53:00,Payment Service,Production,Hyderabad,DELETE,429,289.4,3.74,13
REQ-01064,2026-06-28 00:26:00,User Service,Production,Pune,DELETE,200,145.9,0.44,61
REQ-01065,2026-03-26 14:31:00,Notification Service,Production,Mumbai,GET,502,339.8,1.33,492
REQ-01066,2026-06-03 19:30:00,Auth Service,Staging,Mumbai,POST,200,167.5,3.17,273
REQ-01067,2026-06-05 23:48:00,Auth Service,Production,Mumbai,DELETE,503,230.3,3.7,404
REQ-01068,2026-04-04 12:30:00,User Service,Production,Mumbai,POST,200,201.1,0.52,490
REQ-01069,2026-05-10 09:51:00,User Service,Staging,Bangalore,GET,201,303.0,2.27,425
REQ-01070,2026-01-06 21:24:00,Payment Service,Production,Hyderabad,DELETE,200,194.0,2.96,353
REQ-01071,2026-04-20 10:31:00,User Service,Production,Hyderabad,PUT,200,226.3,1.56,396
REQ-01072,2026-04-28 11:40:00,API Gateway,Production,Mumbai,GET,502,300.9,3.97,464
REQ-01073,2026-02-18 00:14:00,Auth Service,Production,Mumbai,POST,200,172.1,3.54,363
REQ-01074,2026-02-20 12:26:00,Payment Service,Production,Mumbai,DELETE,502,444.2,1.83,478
REQ-01075,2026-01-05 21:23:00,API Gateway,Production,Hyderabad,GET,200,239.9,3.1,329
REQ-01076,2026-02-28 17:39:00,API Gateway,Production,Bangalore,POST,200,115.7,3.21,15
REQ-01077,2026-04-06 01:18:00,Auth Service,Production,Mumbai,POST,200,165.1,2.17,9
REQ-01078,2026-05-17 02:24:00,Payment Service,Production,Bangalore,POST,400,454.2,3.31,328
REQ-01079,2026-01-27 15:39:00,Payment Service,Production,Mumbai,GET,201,317.9,3.65,129
REQ-01080,2026-05-07 09:37:00,API Gateway,Staging,Hyderabad,POST,200,138.1,2.09,174
REQ-01081,2026-03-26 06:12:00,API Gateway,Staging,Hyderabad,GET,500,352.2,3.46,231
REQ-01082,2026-02-07 15:35:00,User Service,Production,Mumbai,POST,400,212.3,3.92,291
REQ-01083,2026-02-23 01:14:00,Payment Service,Production,Hyderabad,GET,502,639.8,1.13,441
REQ-01084,2026-06-03 16:01:00,Auth Service,Production,Mumbai,GET,502,251.3,1.71,108
REQ-01085,2026-04-22 16:11:00,Payment Service,Production,Hyderabad,DELETE,200,471.6,1.99,467
REQ-01086,2026-05-16 00:37:00,API Gateway,Staging,Bangalore,POST,502,133.8,0.79,23
REQ-01087,2026-03-04 17:21:00,User Service,Production,Hyderabad,POST,502,296.4,2.42,337
REQ-01088,2026-04-12 10:35:00,Auth Service,Staging,Hyderabad,POST,502,210.7,1.41,28
REQ-01089,2026-03-23 09:22:00,Auth Service,Production,Hyderabad,POST,200,115.1,0.15,156
REQ-01090,2026-02-19 02:49:00,API Gateway,Production,Hyderabad,POST,200,151.5,2.34,348
REQ-01091,2026-06-22 06:00:00,User Service,Production,Bangalore,PUT,200,163.7,2.73,363
REQ-01092,2026-01-27 14:31:00,Payment Service,Production,Hyderabad,GET,200,241.9,3.57,456
REQ-01093,2026-03-12 09:10:00,Payment Service,Production,Mumbai,POST,400,319.0,2.93,286
REQ-01094,2026-01-14 15:39:00,User Service,Production,Hyderabad,GET,201,270.6,1.21,13
REQ-01095,2026-01-24 04:10:00,User Service,Staging,Hyderabad,GET,200,80.8,0.57,13
REQ-01096,2026-06-15 11:32:00,Auth Service,Production,Bangalore,GET,200,105.4,2.11,320
REQ-01097,2026-04-03 19:04:00,API Gateway,Production,Pune,PUT,200,117.3,1.51,67
REQ-01098,2026-03-19 19:15:00,Auth Service,Production,Bangalore,GET,401,157.6,2.72,348
REQ-01099,2026-04-11 09:02:00,Notification Service,Production,Pune,POST,200,290.0,3.64,479
REQ-01100,2026-01-05 14:30:00,Payment Service,Production,Pune,GET,200,373.4,3.9,73
REQ-01101,2026-01-11 10:21:00,User Service,Production,Hyderabad,GET,200,272.8,0.56,479
REQ-01102,2026-01-14 00:20:00,API Gateway,Staging,Hyderabad,GET,200,115.2,2.89,180
REQ-01103,2026-01-05 06:43:00,Auth Service,Production,Bangalore,POST,200,97.7,1.42,103
REQ-01104,2026-02-04 12:33:00,Payment Service,Production,Pune,POST,404,321.8,0.26,380
REQ-01105,2026-05-25 11:59:00,API Gateway,Production,Hyderabad,GET,200,158.4,3.06,7
REQ-01106,2026-03-22 11:11:00,Payment Service,Production,Pune,GET,200,406.4,0.38,54
REQ-01107,2026-01-11 12:21:00,Auth Service,Production,Hyderabad,GET,400,100.1,2.66,166
REQ-01108,2026-01-02 15:25:00,User Service,Production,Mumbai,POST,400,115.6,3.69,305
REQ-01109,2026-01-23 03:52:00,Payment Service,Production,Bangalore,POST,500,444.6,3.97,32
REQ-01110,2026-03-02 04:36:00,API Gateway,Production,Mumbai,POST,201,162.8,1.98,46
REQ-01111,2026-06-06 00:07:00,API Gateway,Production,Pune,PUT,200,276.4,3.16,46
REQ-01112,2026-04-23 07:38:00,User Service,Production,Mumbai,POST,200,278.4,2.59,333
REQ-01113,2026-02-15 09:15:00,User Service,Production,Mumbai,PUT,200,193.7,3.74,345
REQ-01114,2026-06-19 19:12:00,Notification Service,Production,Hyderabad,POST,201,203.0,2.82,399
REQ-01115,2026-04-12 20:51:00,API Gateway,Production,Mumbai,GET,200,165.9,3.77,21
REQ-01116,2026-06-25 20:38:00,Auth Service,Production,Hyderabad,POST,200,139.9,2.47,379
REQ-01117,2026-04-30 12:29:00,Payment Service,Production,Hyderabad,GET,201,346.1,3.24,128
REQ-01118,2026-01-09 14:31:00,User Service,Staging,Hyderabad,GET,200,211.9,2.33,240
REQ-01119,2026-05-10 20:08:00,API Gateway,Production,Bangalore,POST,201,163.3,3.4,126
REQ-01120,2026-02-01 03:39:00,API Gateway,Production,Pune,POST,200,196.0,2.48,254
REQ-01121,2026-02-04 23:15:00,API Gateway,Production,Bangalore,GET,502,167.6,3.26,173
REQ-01122,2026-05-12 20:38:00,API Gateway,Staging,Pune,POST,429,133.0,1.17,349
REQ-01123,2026-03-17 14:46:00,API Gateway,Production,Mumbai,GET,201,115.9,1.43,252
REQ-01124,2026-02-20 20:30:00,Payment Service,Production,Mumbai,POST,200,216.7,3.23,137
REQ-01125,2026-02-08 05:10:00,API Gateway,Production,Pune,GET,200,276.8,1.78,489
REQ-01126,2026-06-25 06:35:00,Auth Service,Production,Hyderabad,GET,401,160.9,3.06,376
REQ-01127,2026-06-14 18:23:00,Payment Service,Staging,Hyderabad,PUT,201,450.7,2.39,385
REQ-01128,2026-05-20 07:24:00,API Gateway,Production,Hyderabad,GET,200,133.9,3.81,109
REQ-01129,2026-06-04 03:28:00,Auth Service,Staging,Pune,GET,201,172.5,1.27,20
REQ-01130,2026-04-24 00:40:00,Payment Service,Production,Pune,POST,201,222.5,2.67,385
REQ-01131,2026-04-27 19:24:00,API Gateway,Production,Pune,GET,404,250.8,3.5,87
REQ-01132,2026-02-09 03:47:00,Auth Service,Production,Hyderabad,PUT,200,205.2,1.54,112
REQ-01133,2026-02-25 23:56:00,API Gateway,Production,Pune,POST,200,198.6,0.52,81
REQ-01134,2026-03-16 09:57:00,User Service,Production,Hyderabad,GET,200,118.2,1.76,432
REQ-01135,2026-02-04 06:03:00,User Service,Staging,Hyderabad,PUT,200,50.2,2.23,242
REQ-01136,2026-05-09 09:25:00,Auth Service,Staging,Pune,DELETE,201,167.4,2.87,46
REQ-01137,2026-01-04 06:14:00,Payment Service,Production,Pune,GET,502,723.3,2.07,303
REQ-01138,2026-02-17 15:22:00,API Gateway,Production,Pune,POST,500,426.9,3.36,290
REQ-01139,2026-01-23 08:15:00,Payment Service,Production,Mumbai,GET,200,335.6,3.04,314
REQ-01140,2026-05-01 03:56:00,API Gateway,Staging,Hyderabad,GET,200,198.6,1.58,124
REQ-01141,2026-05-02 08:17:00,API Gateway,Staging,Pune,GET,201,223.5,2.35,412
REQ-01142,2026-02-03 15:58:00,Auth Service,Production,Pune,DELETE,401,136.0,3.22,326
REQ-01143,2026-06-11 02:44:00,Payment Service,Production,Hyderabad,GET,200,403.2,1.96,62
REQ-01144,2026-04-05 01:47:00,Notification Service,Staging,Pune,GET,502,606.0,3.53,160
REQ-01145,2026-01-20 03:44:00,Notification Service,Staging,Mumbai,GET,401,369.8,3.01,407
REQ-01146,2026-05-23 12:29:00,Auth Service,Production,Pune,POST,404,170.1,3.19,27
REQ-01147,2026-05-14 06:09:00,Notification Service,Production,Pune,GET,201,221.2,1.49,361
REQ-01148,2026-05-12 17:08:00,Auth Service,Production,Hyderabad,POST,201,143.3,3.29,68
REQ-01149,2026-04-19 22:04:00,Auth Service,Production,Pune,PUT,400,114.3,2.59,275
REQ-01150,2026-02-18 11:57:00,Auth Service,Staging,Bangalore,GET,503,200.1,0.62,484
REQ-01151,2026-04-15 23:34:00,Payment Service,Production,Mumbai,GET,200,373.1,3.21,136
REQ-01152,2026-03-14 10:52:00,API Gateway,Production,Pune,GET,200,246.4,2.72,137
REQ-01153,2026-01-21 20:13:00,Notification Service,Production,Pune,PUT,200,241.9,3.37,155
REQ-01154,2026-02-12 20:07:00,User Service,Production,Bangalore,PUT,503,534.7,0.59,112
REQ-01155,2026-01-12 21:01:00,Notification Service,Production,Hyderabad,GET,200,388.9,2.26,417
REQ-01156,2026-05-27 18:20:00,API Gateway,Production,Pune,POST,201,180.6,3.65,168
REQ-01157,2026-03-30 20:05:00,API Gateway,Production,Pune,POST,200,224.0,2.06,11
REQ-01158,2026-05-11 12:53:00,Payment Service,Production,Bangalore,GET,200,537.4,3.72,176
REQ-01159,2026-01-27 02:10:00,User Service,Production,Mumbai,PUT,200,325.7,2.1,412
REQ-01160,2026-03-29 00:52:00,API Gateway,Production,Mumbai,GET,200,178.0,1.3,232
REQ-01161,2026-05-15 23:23:00,Payment Service,Production,Hyderabad,GET,200,412.2,3.96,360
REQ-01162,2026-01-20 12:53:00,Auth Service,Production,Pune,POST,404,110.8,3.26,128
REQ-01163,2026-01-18 13:38:00,Auth Service,Production,Mumbai,POST,200,122.4,0.98,334
REQ-01164,2026-05-26 16:04:00,User Service,Production,Hyderabad,GET,503,305.4,1.73,38
REQ-01165,2026-01-12 15:00:00,User Service,Production,Hyderabad,POST,200,237.9,2.54,114
REQ-01166,2026-05-10 16:44:00,Payment Service,Production,Bangalore,POST,201,383.4,2.56,326
REQ-01167,2026-03-17 04:21:00,Payment Service,Production,Pune,GET,200,246.9,1.08,396
REQ-01168,2026-06-08 18:29:00,API Gateway,Production,Pune,POST,200,117.8,2.26,298
REQ-01169,2026-03-21 01:23:00,Payment Service,Production,Hyderabad,POST,200,204.9,1.77,219
REQ-01170,2026-06-04 09:25:00,Notification Service,Production,Pune,PUT,404,198.2,1.43,303
REQ-01171,2026-04-22 00:15:00,Notification Service,Production,Hyderabad,DELETE,201,225.7,1.31,110
REQ-01172,2026-05-07 20:58:00,User Service,Staging,Hyderabad,GET,201,153.5,1.08,475
REQ-01173,2026-03-07 20:19:00,Notification Service,Production,Hyderabad,PUT,200,144.2,0.89,156
REQ-01174,2026-05-01 13:40:00,User Service,Staging,Mumbai,GET,500,151.6,0.54,25
REQ-01175,2026-06-28 08:05:00,User Service,Production,Hyderabad,POST,200,174.8,0.85,367
REQ-01176,2026-03-08 21:59:00,Notification Service,Production,Bangalore,POST,200,300.9,3.7,237
REQ-01177,2026-01-19 09:07:00,API Gateway,Staging,Hyderabad,GET,200,154.6,1.9,455
REQ-01178,2026-01-28 21:08:00,Notification Service,Production,Pune,GET,503,371.7,3.08,438
REQ-01179,2026-06-16 07:12:00,API Gateway,Staging,Bangalore,GET,201,119.6,0.75,470
REQ-01180,2026-06-28 00:29:00,API Gateway,Production,Pune,GET,201,160.3,2.84,20
REQ-01181,2026-04-04 18:24:00,API Gateway,Production,Pune,POST,200,194.0,2.12,133
REQ-01182,2026-05-14 04:39:00,Payment Service,Production,Pune,GET,201,390.0,3.99,213
REQ-01183,2026-04-07 11:07:00,Payment Service,Production,Mumbai,GET,200,350.8,1.26,429
REQ-01184,2026-04-03 16:21:00,User Service,Production,Hyderabad,POST,200,199.2,1.6,191
REQ-01185,2026-03-26 11:57:00,API Gateway,Production,Pune,GET,503,320.5,1.85,168
REQ-01186,2026-06-22 22:45:00,API Gateway,Staging,Hyderabad,POST,200,171.4,3.32,219
REQ-01187,2026-01-03 13:04:00,Notification Service,Production,Pune,PUT,200,205.7,3.82,115
REQ-01188,2026-02-26 09:16:00,Notification Service,Production,Pune,POST,200,388.5,0.57,481
REQ-01189,2026-02-17 23:50:00,Auth Service,Production,Pune,GET,201,93.9,0.54,152
REQ-01190,2026-04-30 19:07:00,Payment Service,Staging,Bangalore,GET,429,468.1,0.11,16
REQ-01191,2026-03-28 14:44:00,Auth Service,Production,Bangalore,POST,200,135.2,2.38,358
REQ-01192,2026-02-25 00:33:00,API Gateway,Production,Bangalore,POST,200,161.2,2.27,12
REQ-01193,2026-05-19 19:28:00,Auth Service,Production,Mumbai,GET,200,148.1,3.84,48
REQ-01194,2026-01-15 18:06:00,Auth Service,Production,Hyderabad,POST,429,109.6,2.91,465
REQ-01195,2026-05-01 12:37:00,Auth Service,Production,Mumbai,GET,200,163.9,1.91,44
REQ-01196,2026-05-03 10:03:00,API Gateway,Production,Pune,DELETE,200,187.7,1.52,35
REQ-01197,2026-05-23 06:34:00,Auth Service,Production,Bangalore,GET,200,189.4,0.92,455
REQ-01198,2026-01-22 14:14:00,User Service,Production,Mumbai,GET,200,246.3,0.23,106
REQ-01199,2026-06-29 18:51:00,Notification Service,Staging,Pune,GET,200,347.3,2.08,434
REQ-01200,2026-03-26 20:36:00,Notification Service,Production,Pune,GET,500,609.7,1.43,289
REQ-01201,2026-01-05 13:13:00,Notification Service,Production,Pune,GET,200,224.8,2.78,150
REQ-01202,2026-01-13 08:09:00,User Service,Production,Pune,DELETE,404,280.2,1.68,323
REQ-01203,2026-05-15 06:00:00,API Gateway,Production,Hyderabad,GET,200,144.1,3.18,74
REQ-01204,2026-03-14 22:25:00,API Gateway,Production,Mumbai,GET,401,173.4,3.67,149
REQ-01205,2026-04-21 02:05:00,API Gateway,Production,Pune,GET,200,182.2,2.65,389
REQ-01206,2026-01-27 04:30:00,User Service,Production,Pune,PUT,200,262.3,1.92,245
REQ-01207,2026-03-20 18:35:00,Payment Service,Production,Hyderabad,GET,503,538.6,1.82,431
REQ-01208,2026-04-14 04:34:00,Auth Service,Production,Bangalore,PUT,404,170.7,1.77,337
REQ-01209,2026-04-20 18:34:00,Notification Service,Staging,Pune,GET,503,423.4,3.75,205
REQ-01210,2026-04-22 22:33:00,Payment Service,Production,Mumbai,POST,200,397.6,0.46,407
REQ-01211,2026-05-14 12:21:00,API Gateway,Production,Hyderabad,GET,200,197.4,0.98,117
REQ-01212,2026-04-19 06:47:00,Payment Service,Production,Pune,GET,502,200.9,1.66,36
REQ-01213,2026-04-24 10:02:00,Auth Service,Production,Bangalore,POST,201,202.9,2.82,333
REQ-01214,2026-06-21 00:26:00,API Gateway,Production,Bangalore,POST,200,89.9,2.39,404
REQ-01215,2026-01-04 22:41:00,Auth Service,Production,Mumbai,PUT,401,47.2,3.87,14
REQ-01216,2026-04-02 20:50:00,Auth Service,Production,Hyderabad,POST,500,162.7,0.55,257
REQ-01217,2026-02-10 10:15:00,API Gateway,Staging,Pune,GET,200,284.1,0.11,497
REQ-01218,2026-02-03 14:05:00,Auth Service,Production,Mumbai,POST,201,143.0,1.74,186
REQ-01219,2026-01-04 11:24:00,Payment Service,Production,Hyderabad,POST,200,293.9,1.9,50
REQ-01220,2026-02-14 01:51:00,User Service,Staging,Hyderabad,POST,200,219.4,2.34,144
REQ-01221,2026-06-01 12:11:00,Payment Service,Staging,Bangalore,POST,200,277.1,2.78,485
REQ-01222,2026-02-12 21:28:00,Auth Service,Production,Hyderabad,POST,201,174.4,2.12,245
REQ-01223,2026-05-29 20:31:00,User Service,Staging,Hyderabad,GET,200,278.0,0.52,227
REQ-01224,2026-04-16 16:25:00,User Service,Production,Pune,GET,200,291.3,0.37,9
REQ-01225,2026-02-28 20:08:00,Notification Service,Production,Bangalore,GET,200,311.8,2.57,134
REQ-01226,2026-06-28 23:16:00,Notification Service,Production,Bangalore,GET,200,338.9,0.82,120
REQ-01227,2026-02-07 18:58:00,Payment Service,Staging,Mumbai,POST,200,239.1,3.76,348
REQ-01228,2026-03-13 03:29:00,User Service,Production,Hyderabad,GET,200,197.9,0.41,340
REQ-01229,2026-01-19 16:44:00,Payment Service,Staging,Hyderabad,POST,200,485.6,1.72,164
REQ-01230,2026-05-25 13:52:00,User Service,Production,Pune,GET,200,203.9,1.77,483
REQ-01231,2026-04-16 22:46:00,Auth Service,Production,Hyderabad,DELETE,201,132.6,2.82,204
REQ-01232,2026-01-03 14:16:00,Payment Service,Production,Hyderabad,POST,200,325.9,3.47,246
REQ-01233,2026-05-17 17:19:00,Notification Service,Production,Pune,GET,503,421.0,3.59,193
REQ-01234,2026-06-15 08:04:00,Notification Service,Production,Mumbai,POST,200,318.7,1.5,320
REQ-01235,2026-05-04 01:03:00,Notification Service,Production,Hyderabad,GET,429,335.0,3.41,128
REQ-01236,2026-05-24 09:58:00,Payment Service,Production,Pune,POST,200,289.3,2.97,46
REQ-01237,2026-06-07 04:30:00,Notification Service,Production,Mumbai,POST,500,139.9,3.74,244
REQ-01238,2026-06-11 00:57:00,User Service,Production,Hyderabad,GET,200,197.5,1.22,107
REQ-01239,2026-05-28 02:03:00,API Gateway,Production,Bangalore,GET,401,118.6,1.55,289
REQ-01240,2026-03-30 09:59:00,Payment Service,Production,Bangalore,DELETE,200,346.5,0.95,179
REQ-01241,2026-06-04 00:15:00,Auth Service,Production,Hyderabad,GET,200,148.4,3.27,284
REQ-01242,2026-05-20 16:49:00,User Service,Production,Mumbai,GET,200,133.5,3.46,164
REQ-01243,2026-01-05 23:36:00,Auth Service,Production,Pune,PUT,200,172.1,2.56,318
REQ-01244,2026-03-25 14:43:00,Auth Service,Production,Hyderabad,POST,200,144.5,1.86,482
REQ-01245,2026-05-14 17:49:00,API Gateway,Production,Mumbai,GET,200,176.8,2.14,441
REQ-01246,2026-05-31 04:09:00,API Gateway,Production,Mumbai,PUT,201,157.4,3.58,108
REQ-01247,2026-03-25 07:28:00,API Gateway,Production,Bangalore,PUT,200,176.6,2.74,396
REQ-01248,2026-01-13 16:28:00,API Gateway,Production,Hyderabad,GET,500,166.9,1.15,284
REQ-01249,2026-01-25 00:49:00,Payment Service,Production,Hyderabad,GET,200,227.8,1.34,202
REQ-01250,2026-06-05 07:56:00,User Service,Staging,Pune,POST,429,302.6,1.99,66
REQ-01251,2026-01-07 05:43:00,Payment Service,Production,Mumbai,GET,201,266.9,2.31,59
REQ-01252,2026-03-06 06:25:00,Notification Service,Staging,Pune,POST,404,272.9,3.34,287
REQ-01253,2026-02-01 21:50:00,Payment Service,Staging,Bangalore,POST,200,175.5,0.96,175
REQ-01254,2026-06-13 04:29:00,User Service,Production,Bangalore,GET,200,262.1,1.94,29
REQ-01255,2026-05-06 19:49:00,API Gateway,Production,Mumbai,PUT,500,177.0,3.03,83
REQ-01256,2026-04-28 10:38:00,Auth Service,Production,Mumbai,PUT,502,189.7,2.94,456
REQ-01257,2026-03-18 07:09:00,Auth Service,Production,Pune,POST,200,125.5,3.75,444
REQ-01258,2026-05-13 11:51:00,API Gateway,Production,Mumbai,PUT,200,167.9,2.65,406
REQ-01259,2026-05-18 22:23:00,API Gateway,Production,Pune,PUT,503,244.3,2.12,81
REQ-01260,2026-03-11 18:19:00,API Gateway,Production,Bangalore,POST,200,245.0,1.01,419
REQ-01261,2026-06-18 13:26:00,User Service,Production,Hyderabad,GET,503,420.2,1.43,126
REQ-01262,2026-05-13 01:51:00,User Service,Production,Bangalore,POST,502,503.7,1.0,207
REQ-01263,2026-01-28 20:28:00,User Service,Staging,Bangalore,DELETE,400,211.4,0.85,6
REQ-01264,2026-01-30 21:01:00,Auth Service,Production,Pune,GET,200,204.9,0.32,225
REQ-01265,2026-02-01 11:13:00,Payment Service,Production,Pune,GET,201,316.3,2.51,276
REQ-01266,2026-04-07 14:42:00,API Gateway,Production,Hyderabad,GET,400,288.8,3.4,366
REQ-01267,2026-05-27 14:43:00,Auth Service,Production,Hyderabad,POST,201,103.0,2.01,407
REQ-01268,2026-05-25 13:44:00,API Gateway,Production,Bangalore,POST,200,220.6,1.35,289
REQ-01269,2026-03-22 00:45:00,Auth Service,Production,Bangalore,POST,200,137.1,3.01,443
REQ-01270,2026-04-09 18:39:00,Notification Service,Staging,Hyderabad,PUT,200,382.2,2.9,383
REQ-01271,2026-03-23 14:06:00,User Service,Production,Bangalore,GET,200,228.7,0.52,375
REQ-01272,2026-06-14 20:51:00,API Gateway,Production,Hyderabad,POST,200,235.2,2.31,344
REQ-01273,2026-06-27 10:14:00,API Gateway,Production,Pune,PUT,200,171.3,3.56,120
REQ-01274,2026-05-05 15:20:00,User Service,Production,Mumbai,GET,200,252.0,0.31,72
REQ-01275,2026-02-15 12:43:00,Auth Service,Staging,Hyderabad,PUT,200,152.2,3.33,83
REQ-01276,2026-01-12 18:23:00,Payment Service,Production,Bangalore,GET,200,301.4,2.04,214
REQ-01277,2026-05-07 14:16:00,Payment Service,Production,Mumbai,POST,200,174.4,2.79,75
REQ-01278,2026-06-19 07:35:00,Payment Service,Production,Pune,GET,200,327.4,1.57,232
REQ-01279,2026-02-19 19:18:00,Payment Service,Production,Hyderabad,POST,500,420.3,2.75,304
REQ-01280,2026-05-13 03:32:00,Notification Service,Production,Bangalore,GET,401,254.9,2.89,299
REQ-01281,2026-05-05 12:18:00,API Gateway,Production,Bangalore,GET,500,395.6,2.55,407
REQ-01282,2026-02-03 02:24:00,Auth Service,Production,Mumbai,DELETE,200,136.9,2.83,125
REQ-01283,2026-06-11 05:24:00,API Gateway,Production,Mumbai,GET,401,128.2,0.17,285
REQ-01284,2026-02-28 07:29:00,User Service,Production,Hyderabad,GET,429,152.0,1.59,72
REQ-01285,2026-04-23 21:46:00,Payment Service,Production,Bangalore,POST,200,233.7,0.93,300
REQ-01286,2026-05-17 14:34:00,Auth Service,Staging,Hyderabad,POST,200,68.6,0.49,297
REQ-01287,2026-01-12 23:59:00,Notification Service,Production,Pune,POST,200,265.9,3.51,235
REQ-01288,2026-01-18 11:28:00,User Service,Production,Mumbai,DELETE,400,244.0,0.44,236
REQ-01289,2026-02-10 07:26:00,Notification Service,Production,Bangalore,DELETE,200,328.5,0.45,155
REQ-01290,2026-02-27 14:51:00,Payment Service,Staging,Mumbai,PUT,201,275.2,2.38,58
REQ-01291,2026-04-18 23:10:00,Payment Service,Staging,Pune,GET,404,247.7,2.14,134
REQ-01292,2026-01-06 03:54:00,Auth Service,Production,Bangalore,POST,400,160.1,2.22,220
REQ-01293,2026-02-15 19:01:00,Auth Service,Production,Pune,GET,401,115.7,2.92,338
REQ-01294,2026-04-08 15:14:00,API Gateway,Staging,Mumbai,PUT,502,337.2,0.85,309
REQ-01295,2026-05-10 17:27:00,Notification Service,Production,Mumbai,POST,200,193.3,1.09,78
REQ-01296,2026-06-12 08:47:00,API Gateway,Production,Pune,PUT,200,185.3,1.27,244
REQ-01297,2026-03-28 12:04:00,Auth Service,Production,Hyderabad,POST,201,86.9,1.08,134
REQ-01298,2026-01-09 22:35:00,Auth Service,Production,Pune,POST,500,123.8,3.34,497
REQ-01299,2026-04-22 08:33:00,Notification Service,Production,Mumbai,POST,200,249.7,0.52,168
REQ-01300,2026-01-31 20:40:00,Payment Service,Production,Pune,POST,200,297.3,0.71,263
REQ-01301,2026-01-14 03:09:00,Payment Service,Production,Pune,PUT,200,270.4,1.53,294
REQ-01302,2026-04-10 02:55:00,Payment Service,Staging,Mumbai,GET,200,437.6,0.61,299
REQ-01303,2026-04-03 19:58:00,Payment Service,Production,Bangalore,POST,200,386.8,1.09,233
REQ-01304,2026-06-23 23:38:00,Notification Service,Production,Mumbai,GET,200,204.6,2.32,247
REQ-01305,2026-03-13 02:44:00,Payment Service,Staging,Bangalore,POST,429,378.1,2.63,152
REQ-01306,2026-03-01 00:23:00,Payment Service,Production,Hyderabad,GET,200,316.2,2.62,331
REQ-01307,2026-04-22 04:14:00,User Service,Staging,Mumbai,GET,201,220.9,3.76,36
REQ-01308,2026-01-22 17:16:00,User Service,Production,Bangalore,POST,200,273.5,1.17,419
REQ-01309,2026-02-07 20:19:00,User Service,Production,Bangalore,GET,200,152.9,3.37,228
REQ-01310,2026-05-07 15:54:00,API Gateway,Production,Pune,POST,400,114.2,2.96,443
REQ-01311,2026-01-08 09:42:00,Payment Service,Production,Pune,POST,200,185.1,1.64,120
REQ-01312,2026-03-31 21:33:00,Payment Service,Staging,Mumbai,PUT,503,822.7,1.38,74
REQ-01313,2026-06-07 03:13:00,Auth Service,Production,Mumbai,POST,200,93.0,3.9,167
REQ-01314,2026-01-30 23:35:00,API Gateway,Production,Mumbai,GET,200,194.8,0.3,462
REQ-01315,2026-02-21 14:09:00,Payment Service,Staging,Pune,GET,500,377.5,2.0,249
REQ-01316,2026-05-24 17:54:00,User Service,Production,Mumbai,GET,200,248.2,3.41,186
REQ-01317,2026-04-09 18:15:00,Notification Service,Production,Hyderabad,POST,201,170.8,2.87,475
REQ-01318,2026-05-05 07:42:00,Payment Service,Production,Bangalore,GET,404,248.7,0.25,243
REQ-01319,2026-02-02 13:41:00,User Service,Production,Bangalore,POST,200,191.4,0.36,311
REQ-01320,2026-01-29 06:48:00,Payment Service,Production,Bangalore,GET,200,443.2,1.36,9
REQ-01321,2026-02-01 10:51:00,Notification Service,Staging,Hyderabad,GET,200,259.7,1.71,466
REQ-01322,2026-01-30 05:22:00,Payment Service,Staging,Mumbai,GET,200,375.4,2.34,360
REQ-01323,2026-05-21 13:02:00,Auth Service,Production,Pune,POST,200,116.2,1.97,166
REQ-01324,2026-05-15 20:27:00,Payment Service,Production,Mumbai,GET,401,417.9,2.67,405
REQ-01325,2026-02-05 13:42:00,Payment Service,Production,Bangalore,POST,200,392.9,3.02,460
REQ-01326,2026-03-04 05:10:00,API Gateway,Staging,Hyderabad,GET,500,104.1,0.84,415
REQ-01327,2026-02-23 21:25:00,Payment Service,Production,Hyderabad,POST,503,885.5,3.4,294
REQ-01328,2026-04-19 12:17:00,Auth Service,Staging,Pune,PUT,502,416.8,1.22,31
REQ-01329,2026-05-25 11:12:00,Auth Service,Production,Bangalore,GET,502,139.0,3.13,179
REQ-01330,2026-06-28 00:36:00,Auth Service,Staging,Bangalore,GET,200,136.7,0.82,356
REQ-01331,2026-01-06 03:45:00,API Gateway,Staging,Bangalore,POST,201,117.1,3.5,47
REQ-01332,2026-01-28 05:01:00,Notification Service,Production,Bangalore,DELETE,201,167.8,2.42,92
REQ-01333,2026-01-13 15:47:00,Auth Service,Production,Hyderabad,PUT,200,131.0,3.85,273
REQ-01334,2026-03-14 21:19:00,User Service,Production,Hyderabad,POST,200,209.9,3.0,101
REQ-01335,2026-05-19 16:15:00,Auth Service,Production,Mumbai,POST,200,137.4,0.75,306
REQ-01336,2026-02-17 02:04:00,Payment Service,Production,Pune,GET,200,369.4,3.58,147
REQ-01337,2026-01-17 22:48:00,Notification Service,Production,Hyderabad,GET,400,266.4,2.21,24
REQ-01338,2026-01-25 21:45:00,User Service,Production,Pune,GET,500,533.3,2.4,457
REQ-01339,2026-04-03 05:03:00,Auth Service,Production,Hyderabad,GET,200,99.1,0.81,43
REQ-01340,2026-03-30 03:51:00,User Service,Production,Bangalore,POST,500,129.2,0.16,397
REQ-01341,2026-04-21 02:46:00,API Gateway,Staging,Hyderabad,GET,502,239.4,2.93,362
REQ-01342,2026-05-05 23:29:00,Notification Service,Staging,Mumbai,GET,200,190.6,0.23,311
REQ-01343,2026-05-04 07:23:00,API Gateway,Production,Bangalore,POST,200,171.2,2.2,433
REQ-01344,2026-04-24 00:47:00,API Gateway,Production,Pune,GET,201,175.2,3.6,56
REQ-01345,2026-02-28 00:13:00,Auth Service,Production,Pune,POST,503,143.7,3.56,123
REQ-01346,2026-01-02 13:43:00,Auth Service,Production,Bangalore,DELETE,200,182.8,2.26,144
REQ-01347,2026-01-29 00:04:00,Payment Service,Production,Hyderabad,POST,200,357.0,0.98,165
REQ-01348,2026-03-11 16:44:00,API Gateway,Production,Hyderabad,GET,404,197.4,2.66,198
REQ-01349,2026-02-25 16:11:00,User Service,Production,Pune,POST,200,109.2,2.64,449
REQ-01350,2026-04-05 12:00:00,Payment Service,Production,Mumbai,GET,200,330.0,0.83,213
REQ-01351,2026-03-10 22:12:00,Notification Service,Production,Mumbai,GET,401,190.6,1.98,59
REQ-01352,2026-01-06 11:43:00,Payment Service,Production,Hyderabad,PUT,400,241.4,1.15,271
REQ-01353,2026-06-12 05:34:00,User Service,Production,Mumbai,PUT,200,191.6,2.86,409
REQ-01354,2026-02-28 15:17:00,API Gateway,Production,Mumbai,PUT,200,32.8,2.09,329
REQ-01355,2026-01-24 20:44:00,Auth Service,Production,Pune,GET,401,99.1,3.08,113
REQ-01356,2026-02-24 07:49:00,Auth Service,Staging,Bangalore,POST,500,206.7,0.35,243
REQ-01357,2026-03-17 02:19:00,Auth Service,Production,Bangalore,PUT,201,112.5,2.85,203
REQ-01358,2026-03-02 03:43:00,Notification Service,Production,Hyderabad,POST,401,326.0,0.63,307
REQ-01359,2026-05-23 04:19:00,API Gateway,Production,Mumbai,PUT,429,185.1,2.14,270
REQ-01360,2026-01-08 21:50:00,API Gateway,Production,Pune,POST,200,288.9,0.27,263
REQ-01361,2026-04-25 18:21:00,Auth Service,Production,Mumbai,GET,404,136.1,0.6,404
REQ-01362,2026-01-19 21:35:00,Payment Service,Production,Pune,POST,500,594.0,3.44,459
REQ-01363,2026-02-06 01:43:00,Payment Service,Production,Bangalore,POST,200,342.5,3.8,17
REQ-01364,2026-05-31 21:31:00,API Gateway,Production,Mumbai,GET,200,161.1,0.9,480
REQ-01365,2026-02-20 13:01:00,User Service,Staging,Bangalore,GET,200,158.7,3.74,499
REQ-01366,2026-05-28 05:05:00,API Gateway,Production,Hyderabad,POST,200,221.8,3.05,120
REQ-01367,2026-06-16 06:27:00,API Gateway,Production,Bangalore,GET,401,143.1,2.49,33
REQ-01368,2026-02-09 08:40:00,API Gateway,Production,Mumbai,PUT,200,152.4,2.71,298
REQ-01369,2026-02-06 05:42:00,User Service,Production,Mumbai,PUT,200,160.6,1.0,331
REQ-01370,2026-02-06 15:08:00,User Service,Staging,Pune,POST,200,180.9,2.19,10
REQ-01371,2026-06-12 06:30:00,API Gateway,Production,Bangalore,GET,400,204.0,3.03,177
REQ-01372,2026-03-14 18:57:00,User Service,Production,Bangalore,GET,200,207.9,0.22,195
REQ-01373,2026-03-21 07:03:00,Payment Service,Production,Mumbai,POST,200,415.4,2.68,459
REQ-01374,2026-06-05 10:30:00,Auth Service,Production,Pune,GET,200,150.6,3.63,235
REQ-01375,2026-04-28 13:30:00,Auth Service,Production,Bangalore,PUT,200,87.5,1.67,458
REQ-01376,2026-03-17 18:17:00,Payment Service,Production,Hyderabad,PUT,500,512.1,3.71,478
REQ-01377,2026-05-16 10:39:00,API Gateway,Production,Bangalore,GET,502,259.0,2.71,96
REQ-01378,2026-05-11 05:13:00,Payment Service,Production,Pune,GET,502,536.2,3.06,277
REQ-01379,2026-04-16 19:43:00,Auth Service,Production,Pune,PUT,200,163.5,2.75,261
REQ-01380,2026-05-20 19:30:00,Payment Service,Staging,Hyderabad,POST,500,579.8,3.04,165
REQ-01381,2026-04-18 10:26:00,Notification Service,Production,Bangalore,GET,201,256.5,3.8,107
REQ-01382,2026-01-01 18:30:00,Notification Service,Production,Hyderabad,GET,400,308.1,3.52,377
REQ-01383,2026-01-22 22:06:00,Payment Service,Production,Bangalore,POST,500,408.5,0.26,372
REQ-01384,2026-03-13 21:36:00,Payment Service,Production,Mumbai,POST,200,328.9,0.46,135
REQ-01385,2026-05-01 23:46:00,Payment Service,Production,Mumbai,DELETE,200,316.0,2.47,172
REQ-01386,2026-02-13 16:51:00,API Gateway,Production,Mumbai,POST,503,348.1,1.54,41
REQ-01387,2026-01-30 01:28:00,API Gateway,Production,Mumbai,POST,200,121.1,3.48,496
REQ-01388,2026-05-13 04:14:00,Payment Service,Production,Hyderabad,GET,200,290.6,2.9,351
REQ-01389,2026-02-05 23:02:00,API Gateway,Production,Hyderabad,DELETE,500,322.1,3.86,226
REQ-01390,2026-06-17 15:41:00,User Service,Production,Bangalore,GET,200,86.5,3.29,492
REQ-01391,2026-04-15 19:46:00,Auth Service,Production,Hyderabad,POST,200,197.7,0.51,23
REQ-01392,2026-01-16 17:11:00,User Service,Production,Pune,GET,404,256.8,1.94,307
REQ-01393,2026-04-16 05:11:00,User Service,Production,Mumbai,DELETE,429,246.4,1.34,157
REQ-01394,2026-03-22 01:06:00,Payment Service,Staging,Hyderabad,POST,200,286.4,0.92,484
REQ-01395,2026-02-07 15:30:00,Payment Service,Production,Hyderabad,DELETE,201,465.9,1.54,21
REQ-01396,2026-02-04 21:15:00,API Gateway,Production,Hyderabad,GET,500,348.6,3.42,342
REQ-01397,2026-04-29 22:57:00,Auth Service,Production,Pune,GET,200,165.7,2.68,352
REQ-01398,2026-02-06 23:37:00,User Service,Production,Pune,POST,200,319.2,0.18,480
REQ-01399,2026-02-11 10:56:00,Payment Service,Production,Pune,GET,200,325.7,2.52,453
REQ-01400,2026-06-15 23:06:00,User Service,Staging,Hyderabad,GET,200,193.8,1.37,172
REQ-01401,2026-01-08 18:42:00,User Service,Production,Hyderabad,POST,200,167.9,1.73,65
REQ-01402,2026-05-29 03:35:00,API Gateway,Production,Pune,POST,200,182.8,2.44,118
REQ-01403,2026-02-26 15:11:00,Payment Service,Production,Pune,GET,200,363.4,1.37,211
REQ-01404,2026-03-16 05:02:00,Payment Service,Production,Pune,GET,502,648.6,0.91,421
REQ-01405,2026-01-01 15:03:00,API Gateway,Production,Bangalore,POST,200,155.5,2.52,261
REQ-01406,2026-02-07 04:13:00,User Service,Production,Hyderabad,GET,503,320.7,0.2,16
REQ-01407,2026-04-22 03:33:00,API Gateway,Staging,Bangalore,GET,401,162.7,0.3,178
REQ-01408,2026-04-19 17:43:00,Notification Service,Production,Pune,POST,200,258.5,3.67,200
REQ-01409,2026-04-07 00:54:00,Auth Service,Production,Bangalore,PUT,401,194.6,2.28,307
REQ-01410,2026-03-10 18:54:00,Payment Service,Production,Hyderabad,GET,200,294.8,1.0,133
REQ-01411,2026-06-01 22:00:00,API Gateway,Production,Mumbai,GET,200,208.6,1.45,166
REQ-01412,2026-01-06 21:36:00,Notification Service,Production,Bangalore,DELETE,503,364.1,0.2,416
REQ-01413,2026-04-08 01:30:00,Notification Service,Production,Bangalore,GET,200,184.5,2.42,44
REQ-01414,2026-01-16 00:58:00,Auth Service,Staging,Bangalore,GET,201,97.8,0.45,172
REQ-01415,2026-05-22 02:46:00,API Gateway,Production,Bangalore,POST,200,126.2,0.37,114
REQ-01416,2026-01-31 10:26:00,User Service,Production,Pune,DELETE,502,279.7,1.43,207
REQ-01417,2026-06-02 13:39:00,User Service,Production,Bangalore,GET,201,242.8,1.3,137
REQ-01418,2026-01-03 00:48:00,Auth Service,Production,Pune,GET,200,66.0,2.24,498
REQ-01419,2026-06-18 16:50:00,API Gateway,Production,Bangalore,GET,200,161.5,0.33,283
REQ-01420,2026-02-03 11:51:00,User Service,Production,Bangalore,GET,401,220.4,3.79,322
REQ-01421,2026-01-19 00:48:00,Payment Service,Production,Pune,GET,200,268.8,3.32,385
REQ-01422,2026-03-20 05:17:00,User Service,Production,Pune,GET,502,155.4,0.8,351
REQ-01423,2026-03-04 12:42:00,Auth Service,Staging,Hyderabad,POST,200,124.4,0.55,268
REQ-01424,2026-01-04 13:49:00,User Service,Production,Pune,GET,201,143.9,1.17,179
REQ-01425,2026-01-30 22:18:00,User Service,Production,Pune,GET,200,241.4,0.85,387
REQ-01426,2026-02-14 16:14:00,Notification Service,Production,Mumbai,GET,200,354.5,3.69,50
REQ-01427,2026-01-13 18:23:00,API Gateway,Production,Pune,PUT,429,220.7,2.86,82
REQ-01428,2026-01-28 18:19:00,Auth Service,Production,Pune,POST,200,134.9,1.2,216
REQ-01429,2026-04-01 12:44:00,API Gateway,Production,Hyderabad,GET,429,179.0,3.96,150
REQ-01430,2026-04-14 03:02:00,Auth Service,Production,Hyderabad,GET,404,144.0,3.54,295
REQ-01431,2026-05-29 16:55:00,Auth Service,Staging,Pune,GET,500,276.1,1.73,24
REQ-01432,2026-01-30 22:05:00,API Gateway,Production,Bangalore,POST,200,296.5,2.42,268
REQ-01433,2026-04-15 18:28:00,Auth Service,Production,Mumbai,GET,404,125.9,0.49,452
REQ-01434,2026-03-15 10:02:00,API Gateway,Production,Hyderabad,PUT,200,97.8,0.61,113
REQ-01435,2026-06-12 06:48:00,Payment Service,Production,Pune,POST,500,327.0,0.97,67
REQ-01436,2026-02-05 16:48:00,Payment Service,Production,Bangalore,GET,500,519.2,3.32,330
REQ-01437,2026-06-16 10:07:00,Auth Service,Production,Hyderabad,GET,201,215.1,3.63,223
REQ-01438,2026-03-07 09:36:00,API Gateway,Production,Mumbai,GET,200,134.9,3.73,117
REQ-01439,2026-04-22 14:46:00,Auth Service,Staging,Hyderabad,DELETE,400,127.9,1.79,205
REQ-01440,2026-02-08 23:05:00,API Gateway,Production,Pune,POST,201,235.1,0.55,292
REQ-01441,2026-03-13 06:19:00,Auth Service,Production,Bangalore,GET,200,178.6,3.07,285
REQ-01442,2026-02-13 17:29:00,Notification Service,Production,Hyderabad,GET,200,257.5,1.46,30
REQ-01443,2026-06-18 10:36:00,Payment Service,Staging,Hyderabad,POST,200,487.3,1.43,438
REQ-01444,2026-05-08 01:57:00,User Service,Production,Bangalore,POST,500,254.3,0.11,194
REQ-01445,2026-03-09 16:05:00,Auth Service,Staging,Mumbai,POST,200,123.5,3.43,228
REQ-01446,2026-05-07 04:38:00,API Gateway,Production,Mumbai,GET,200,123.1,1.41,427
REQ-01447,2026-03-01 12:07:00,Payment Service,Production,Pune,PUT,503,534.1,2.07,468
REQ-01448,2026-06-26 08:55:00,User Service,Staging,Bangalore,POST,500,248.9,1.28,409
REQ-01449,2026-06-17 23:11:00,API Gateway,Production,Mumbai,PUT,200,189.8,2.75,55
REQ-01450,2026-05-28 11:20:00,Payment Service,Production,Bangalore,GET,500,841.5,1.42,221
REQ-01451,2026-02-22 11:37:00,API Gateway,Production,Bangalore,GET,200,164.2,3.04,58
REQ-01452,2026-02-27 13:50:00,Payment Service,Production,Bangalore,PUT,200,250.2,0.6,413
REQ-01453,2026-01-20 03:29:00,Payment Service,Production,Bangalore,POST,200,452.3,2.59,495
REQ-01454,2026-03-26 21:18:00,Auth Service,Production,Hyderabad,POST,200,20.0,3.85,150
REQ-01455,2026-04-27 11:51:00,Payment Service,Production,Pune,GET,429,248.0,2.66,16
REQ-01456,2026-04-19 03:58:00,User Service,Production,Bangalore,POST,502,526.0,3.76,287
REQ-01457,2026-01-21 19:14:00,API Gateway,Production,Pune,POST,500,383.1,1.35,414
REQ-01458,2026-04-04 02:38:00,Notification Service,Production,Bangalore,GET,200,267.4,3.19,442
REQ-01459,2026-02-21 03:18:00,Payment Service,Production,Hyderabad,DELETE,200,294.6,3.65,247
REQ-01460,2026-01-27 11:35:00,Notification Service,Production,Hyderabad,POST,200,126.8,3.1,442
REQ-01461,2026-03-10 20:32:00,API Gateway,Staging,Pune,GET,429,231.4,1.47,420
REQ-01462,2026-02-15 20:08:00,API Gateway,Production,Pune,POST,429,180.6,3.81,93
REQ-01463,2026-05-16 01:39:00,Auth Service,Staging,Hyderabad,PUT,200,133.4,3.99,251
REQ-01464,2026-04-27 03:05:00,User Service,Production,Bangalore,POST,429,136.1,3.81,131
REQ-01465,2026-05-17 04:12:00,API Gateway,Production,Bangalore,POST,500,146.6,0.95,450
REQ-01466,2026-03-14 02:41:00,API Gateway,Production,Mumbai,PUT,200,90.0,0.56,172
REQ-01467,2026-02-24 18:32:00,API Gateway,Production,Hyderabad,DELETE,200,141.7,1.12,359
REQ-01468,2026-04-09 12:14:00,API Gateway,Staging,Mumbai,GET,200,207.4,2.03,150
REQ-01469,2026-01-31 19:21:00,Auth Service,Staging,Bangalore,GET,200,158.8,0.87,227
REQ-01470,2026-04-01 18:24:00,Payment Service,Production,Mumbai,GET,201,333.0,0.4,482
REQ-01471,2026-06-29 23:48:00,Auth Service,Production,Bangalore,GET,200,248.5,3.31,475
REQ-01472,2026-05-06 14:01:00,Auth Service,Production,Bangalore,GET,200,130.1,1.95,21
REQ-01473,2026-02-03 14:42:00,User Service,Production,Bangalore,POST,201,289.3,2.41,422
REQ-01474,2026-02-10 09:54:00,Notification Service,Production,Bangalore,GET,200,313.6,1.05,416
REQ-01475,2026-02-04 08:16:00,Payment Service,Production,Pune,GET,500,390.9,0.43,66
REQ-01476,2026-03-28 07:36:00,Payment Service,Staging,Bangalore,GET,200,382.9,1.78,80
REQ-01477,2026-01-08 18:10:00,Auth Service,Staging,Pune,GET,200,110.2,0.27,373
REQ-01478,2026-05-22 02:01:00,Auth Service,Production,Mumbai,POST,200,112.2,2.94,441
REQ-01479,2026-03-01 04:20:00,Notification Service,Staging,Mumbai,POST,500,246.8,2.96,315
REQ-01480,2026-04-12 19:46:00,Payment Service,Production,Pune,GET,404,487.0,1.64,465
REQ-01481,2026-04-18 21:15:00,Auth Service,Production,Hyderabad,POST,200,153.3,3.87,279
REQ-01482,2026-01-20 17:10:00,User Service,Production,Bangalore,POST,200,175.9,2.32,213
REQ-01483,2026-06-11 21:18:00,User Service,Production,Bangalore,GET,200,223.2,3.24,303
REQ-01484,2026-06-10 18:33:00,API Gateway,Staging,Bangalore,POST,200,210.6,3.22,106
REQ-01485,2026-01-19 18:25:00,Notification Service,Production,Pune,GET,201,263.5,0.48,74
REQ-01486,2026-03-15 12:47:00,Payment Service,Production,Bangalore,GET,200,241.9,3.62,355
REQ-01487,2026-05-08 09:09:00,Auth Service,Production,Bangalore,POST,503,341.0,1.69,270
REQ-01488,2026-05-17 12:11:00,User Service,Production,Mumbai,GET,200,190.5,3.26,141
REQ-01489,2026-02-10 15:28:00,User Service,Staging,Bangalore,POST,200,293.7,1.92,428
REQ-01490,2026-05-21 15:20:00,API Gateway,Staging,Hyderabad,POST,200,251.3,3.44,186
REQ-01491,2026-04-26 07:36:00,API Gateway,Production,Pune,POST,200,165.2,2.44,88
REQ-01492,2026-04-17 06:38:00,Payment Service,Production,Mumbai,GET,200,280.1,0.36,4
REQ-01493,2026-05-08 15:06:00,User Service,Production,Bangalore,DELETE,200,163.2,2.95,431
REQ-01494,2026-02-06 05:56:00,API Gateway,Staging,Bangalore,GET,200,268.0,3.69,58
REQ-01495,2026-02-24 14:09:00,Notification Service,Production,Hyderabad,GET,500,391.6,2.98,49
REQ-01496,2026-05-11 00:13:00,API Gateway,Production,Bangalore,POST,200,198.0,3.28,408
REQ-01497,2026-04-02 09:10:00,Payment Service,Production,Pune,POST,200,329.2,0.45,288
REQ-01498,2026-03-12 19:38:00,API Gateway,Staging,Hyderabad,GET,500,549.0,1.38,104
REQ-01499,2026-06-03 07:48:00,API Gateway,Production,Pune,DELETE,400,191.4,2.09,66
REQ-01500,2026-06-12 10:51:00,Notification Service,Production,Hyderabad,POST,500,401.3,2.23,108
REQ-01501,2026-06-17 06:39:00,Payment Service,Staging,Mumbai,POST,200,391.3,0.72,364
REQ-01502,2026-03-30 20:17:00,Payment Service,Production,Mumbai,GET,502,365.3,0.5,283
REQ-01503,2026-04-30 07:03:00,Auth Service,Production,Bangalore,GET,200,128.5,3.84,13
REQ-01504,2026-01-12 19:33:00,Notification Service,Staging,Bangalore,POST,200,246.2,0.38,156
REQ-01505,2026-01-29 04:05:00,Notification Service,Production,Mumbai,GET,400,219.1,3.49,69
REQ-01506,2026-01-31 06:54:00,Notification Service,Staging,Pune,PUT,503,407.3,1.13,393
REQ-01507,2026-05-31 13:51:00,Auth Service,Production,Mumbai,DELETE,502,248.2,1.81,259
REQ-01508,2026-01-31 22:37:00,User Service,Production,Bangalore,GET,201,245.5,3.84,472
REQ-01509,2026-06-10 14:56:00,Notification Service,Production,Pune,POST,200,245.2,0.91,290
REQ-01510,2026-01-06 08:31:00,Auth Service,Production,Hyderabad,POST,500,221.8,3.97,259
REQ-01511,2026-05-29 02:00:00,API Gateway,Staging,Hyderabad,POST,200,198.3,2.09,331
REQ-01512,2026-02-20 02:03:00,Payment Service,Production,Pune,GET,200,517.9,0.91,483
REQ-01513,2026-02-18 01:12:00,API Gateway,Production,Bangalore,GET,200,132.5,1.91,383
REQ-01514,2026-01-30 17:57:00,API Gateway,Staging,Hyderabad,POST,503,423.4,1.82,333
REQ-01515,2026-06-29 22:31:00,API Gateway,Production,Bangalore,GET,201,79.2,2.55,149
REQ-01516,2026-04-03 12:36:00,Payment Service,Production,Pune,POST,201,382.9,1.37,35
REQ-01517,2026-03-14 09:53:00,Notification Service,Production,Hyderabad,GET,200,300.2,1.12,257
REQ-01518,2026-02-15 23:09:00,User Service,Staging,Hyderabad,PUT,200,193.1,1.81,298
REQ-01519,2026-05-01 08:32:00,Notification Service,Staging,Pune,GET,404,262.4,1.94,219
REQ-01520,2026-01-03 01:13:00,User Service,Production,Pune,PUT,404,231.7,0.7,103
REQ-01521,2026-04-08 07:19:00,Payment Service,Production,Pune,POST,200,474.6,1.16,10
REQ-01522,2026-01-22 00:33:00,API Gateway,Production,Pune,GET,200,267.6,3.24,482
REQ-01523,2026-01-08 20:50:00,API Gateway,Production,Bangalore,POST,201,255.9,0.21,177
REQ-01524,2026-06-04 00:07:00,API Gateway,Production,Mumbai,DELETE,200,166.8,0.38,246
REQ-01525,2026-01-23 22:50:00,API Gateway,Staging,Pune,GET,200,255.8,2.55,131
REQ-01526,2026-01-01 21:33:00,API Gateway,Production,Hyderabad,GET,200,185.2,1.84,294
REQ-01527,2026-05-28 04:21:00,API Gateway,Staging,Bangalore,POST,200,239.5,0.25,383
REQ-01528,2026-03-23 11:02:00,Payment Service,Production,Pune,POST,200,179.5,2.46,293
REQ-01529,2026-05-31 01:52:00,User Service,Staging,Mumbai,GET,502,345.6,3.77,241
REQ-01530,2026-01-22 00:44:00,Auth Service,Staging,Bangalore,POST,200,158.7,3.7,235
REQ-01531,2026-06-27 12:23:00,Payment Service,Production,Pune,DELETE,200,385.8,3.93,73
REQ-01532,2026-02-09 19:53:00,Payment Service,Production,Mumbai,POST,200,403.3,1.39,79
REQ-01533,2026-06-21 14:48:00,Payment Service,Production,Hyderabad,GET,200,219.2,2.25,446
REQ-01534,2026-02-10 22:00:00,Payment Service,Production,Mumbai,GET,503,240.3,2.46,302
REQ-01535,2026-04-17 20:53:00,Payment Service,Production,Mumbai,GET,404,345.1,0.23,423
REQ-01536,2026-01-25 10:40:00,API Gateway,Production,Mumbai,POST,404,147.1,2.19,224
REQ-01537,2026-02-27 10:40:00,Payment Service,Staging,Hyderabad,POST,200,440.9,1.04,227
REQ-01538,2026-04-05 03:02:00,User Service,Production,Pune,GET,200,354.7,2.48,456
REQ-01539,2026-01-04 17:57:00,Notification Service,Production,Hyderabad,PUT,200,263.1,3.28,457
REQ-01540,2026-02-05 23:06:00,Notification Service,Production,Bangalore,GET,400,277.2,1.73,167
REQ-01541,2026-03-27 03:23:00,User Service,Production,Bangalore,GET,404,182.6,2.54,96
REQ-01542,2026-02-13 04:25:00,API Gateway,Production,Bangalore,GET,503,320.2,1.59,152
REQ-01543,2026-04-23 14:18:00,Payment Service,Production,Hyderabad,GET,200,386.9,1.75,261
REQ-01544,2026-06-27 06:44:00,API Gateway,Staging,Pune,GET,429,191.5,2.77,79
REQ-01545,2026-06-26 15:00:00,Auth Service,Production,Hyderabad,POST,200,157.8,0.37,320
REQ-01546,2026-02-04 13:17:00,Payment Service,Production,Mumbai,POST,401,314.1,3.94,338
REQ-01547,2026-05-14 11:01:00,Notification Service,Production,Mumbai,GET,200,352.3,3.4,449
REQ-01548,2026-06-06 13:20:00,Notification Service,Production,Bangalore,POST,200,250.2,0.35,457
REQ-01549,2026-02-04 07:13:00,User Service,Production,Bangalore,POST,500,281.6,3.18,392
REQ-01550,2026-02-10 07:53:00,User Service,Production,Bangalore,GET,200,141.5,2.04,226
REQ-01551,2026-02-20 11:03:00,User Service,Staging,Pune,GET,200,138.8,2.89,353
REQ-01552,2026-04-25 07:48:00,Notification Service,Production,Hyderabad,GET,200,267.2,2.25,312
REQ-01553,2026-01-07 01:52:00,API Gateway,Production,Bangalore,DELETE,429,198.2,2.69,460
REQ-01554,2026-01-11 23:04:00,User Service,Production,Mumbai,GET,200,254.2,1.12,48
REQ-01555,2026-03-11 21:48:00,Payment Service,Production,Bangalore,GET,201,354.7,0.95,107
REQ-01556,2026-04-26 05:26:00,Notification Service,Staging,Hyderabad,GET,400,118.9,1.66,497
REQ-01557,2026-06-02 00:50:00,API Gateway,Production,Mumbai,GET,500,401.3,1.92,315
REQ-01558,2026-01-11 03:49:00,User Service,Production,Pune,PUT,200,275.5,2.64,455
REQ-01559,2026-05-07 07:13:00,API Gateway,Staging,Pune,GET,200,110.4,3.35,378
REQ-01560,2026-03-09 02:43:00,Notification Service,Production,Pune,POST,200,147.4,3.32,229
REQ-01561,2026-02-26 14:46:00,Auth Service,Production,Pune,GET,200,133.7,0.68,382
REQ-01562,2026-03-22 01:36:00,Payment Service,Production,Bangalore,DELETE,200,450.3,3.21,415
REQ-01563,2026-03-03 09:25:00,User Service,Production,Hyderabad,POST,200,108.9,2.85,187
REQ-01564,2026-04-12 00:28:00,Auth Service,Production,Hyderabad,GET,200,182.2,1.78,182
REQ-01565,2026-05-31 12:47:00,Payment Service,Production,Hyderabad,POST,429,182.7,0.92,55
REQ-01566,2026-01-26 06:57:00,API Gateway,Production,Bangalore,POST,200,105.7,2.83,226
REQ-01567,2026-03-07 22:45:00,Payment Service,Production,Bangalore,PUT,502,813.5,0.16,112
REQ-01568,2026-05-07 19:16:00,User Service,Staging,Bangalore,POST,200,124.2,1.08,382
REQ-01569,2026-01-14 02:26:00,Auth Service,Production,Bangalore,GET,200,103.7,1.93,50
REQ-01570,2026-04-23 09:56:00,Auth Service,Production,Bangalore,POST,201,98.9,3.6,100
REQ-01571,2026-06-17 19:10:00,Notification Service,Staging,Mumbai,GET,429,198.5,1.32,333
REQ-01572,2026-05-03 02:43:00,Payment Service,Production,Bangalore,GET,400,217.0,3.57,443
REQ-01573,2026-01-13 04:20:00,Payment Service,Production,Mumbai,POST,201,257.7,2.61,20
REQ-01574,2026-04-23 21:10:00,Payment Service,Production,Mumbai,DELETE,200,170.4,1.28,170
REQ-01575,2026-05-06 10:18:00,Payment Service,Production,Bangalore,POST,429,410.4,3.62,156
REQ-01576,2026-06-21 15:41:00,User Service,Production,Bangalore,GET,401,162.2,2.67,443
REQ-01577,2026-01-19 07:12:00,Payment Service,Production,Mumbai,POST,200,208.0,1.61,53
REQ-01578,2026-01-16 18:26:00,User Service,Staging,Bangalore,GET,502,412.5,2.57,14
REQ-01579,2026-05-26 12:07:00,Payment Service,Production,Bangalore,GET,400,314.5,0.39,57
REQ-01580,2026-03-24 03:18:00,User Service,Production,Hyderabad,POST,200,116.8,1.92,3
REQ-01581,2026-06-20 07:01:00,Auth Service,Production,Hyderabad,PUT,200,164.1,3.57,43
REQ-01582,2026-05-26 20:50:00,API Gateway,Production,Pune,DELETE,200,63.0,2.14,449
REQ-01583,2026-01-08 19:31:00,Payment Service,Production,Hyderabad,GET,500,702.4,1.04,73
REQ-01584,2026-03-01 03:01:00,Notification Service,Production,Hyderabad,GET,201,344.2,2.29,84
REQ-01585,2026-03-02 05:55:00,API Gateway,Production,Mumbai,POST,200,197.2,1.68,258
REQ-01586,2026-06-18 16:03:00,User Service,Production,Hyderabad,GET,503,295.0,1.05,320
REQ-01587,2026-06-09 06:31:00,Payment Service,Production,Bangalore,POST,200,172.0,2.71,224
REQ-01588,2026-05-05 01:46:00,Payment Service,Staging,Mumbai,GET,200,323.1,1.99,31
REQ-01589,2026-04-01 01:56:00,Payment Service,Production,Bangalore,GET,201,408.0,3.08,405
REQ-01590,2026-05-24 02:28:00,API Gateway,Production,Bangalore,PUT,401,163.6,1.08,465
REQ-01591,2026-02-02 09:39:00,User Service,Production,Pune,POST,201,164.0,2.11,249
REQ-01592,2026-03-06 08:40:00,User Service,Production,Hyderabad,GET,201,250.5,1.21,275
REQ-01593,2026-03-04 09:28:00,API Gateway,Production,Bangalore,POST,404,213.8,1.38,70
REQ-01594,2026-02-04 22:37:00,Payment Service,Production,Pune,GET,200,392.3,0.38,369
REQ-01595,2026-04-28 16:11:00,User Service,Staging,Hyderabad,GET,200,161.3,2.08,117
REQ-01596,2026-06-04 02:10:00,API Gateway,Production,Hyderabad,GET,200,186.1,1.38,416
REQ-01597,2026-01-01 16:22:00,API Gateway,Production,Bangalore,GET,200,101.2,0.12,263
REQ-01598,2026-02-26 04:21:00,Payment Service,Production,Pune,GET,404,303.2,0.46,174
REQ-01599,2026-06-14 05:26:00,API Gateway,Production,Pune,POST,200,229.8,2.1,257
REQ-01600,2026-05-03 20:44:00,User Service,Production,Hyderabad,POST,200,237.0,2.23,12
REQ-01601,2026-03-12 10:27:00,Notification Service,Production,Mumbai,PUT,200,345.3,1.44,477
REQ-01602,2026-02-21 13:05:00,API Gateway,Production,Bangalore,POST,401,135.6,2.75,303
REQ-01603,2026-06-05 07:16:00,API Gateway,Production,Pune,GET,200,250.8,2.8,290
REQ-01604,2026-01-09 01:48:00,API Gateway,Staging,Mumbai,GET,429,190.1,3.02,397
REQ-01605,2026-04-09 14:34:00,Auth Service,Production,Pune,GET,200,123.7,3.29,215
REQ-01606,2026-06-28 15:54:00,API Gateway,Production,Pune,POST,200,102.5,2.48,343
REQ-01607,2026-06-21 18:06:00,Auth Service,Production,Pune,GET,200,138.8,2.25,145
REQ-01608,2026-06-20 17:49:00,Payment Service,Production,Pune,POST,502,461.7,2.44,442
REQ-01609,2026-06-24 07:50:00,Notification Service,Production,Hyderabad,PUT,200,169.6,1.66,179
REQ-01610,2026-06-04 15:56:00,Auth Service,Production,Bangalore,POST,500,379.5,2.22,245
REQ-01611,2026-05-23 20:16:00,API Gateway,Staging,Bangalore,PUT,200,146.1,2.16,63
REQ-01612,2026-03-21 04:53:00,API Gateway,Production,Bangalore,POST,429,337.8,3.42,61
REQ-01613,2026-01-14 14:15:00,Notification Service,Production,Bangalore,POST,429,356.7,2.88,73
REQ-01614,2026-02-27 16:00:00,API Gateway,Production,Hyderabad,POST,503,253.2,2.23,498
REQ-01615,2026-02-08 23:43:00,User Service,Production,Pune,GET,429,173.0,0.41,450
REQ-01616,2026-05-09 18:31:00,API Gateway,Production,Pune,GET,200,326.9,3.92,220
REQ-01617,2026-05-05 04:10:00,API Gateway,Staging,Hyderabad,POST,200,253.3,1.37,368
REQ-01618,2026-06-19 07:07:00,Auth Service,Production,Pune,POST,200,213.7,1.61,147
REQ-01619,2026-01-14 05:30:00,API Gateway,Production,Pune,GET,200,164.3,2.49,46
REQ-01620,2026-05-17 23:46:00,API Gateway,Production,Mumbai,POST,200,200.3,3.29,223
REQ-01621,2026-05-30 02:03:00,Auth Service,Production,Pune,POST,400,158.0,3.62,185
REQ-01622,2026-03-01 09:50:00,User Service,Production,Hyderabad,GET,400,311.4,2.16,124
REQ-01623,2026-05-28 04:28:00,Notification Service,Production,Hyderabad,GET,200,331.3,0.57,79
REQ-01624,2026-06-14 13:43:00,User Service,Production,Bangalore,GET,201,199.1,0.21,96
REQ-01625,2026-03-14 00:36:00,API Gateway,Production,Mumbai,PUT,200,158.8,3.79,361
REQ-01626,2026-01-17 17:25:00,Notification Service,Production,Hyderabad,POST,200,145.2,0.34,249
REQ-01627,2026-04-04 08:03:00,API Gateway,Production,Hyderabad,PUT,401,182.5,0.4,407
REQ-01628,2026-06-03 08:51:00,Notification Service,Production,Bangalore,PUT,200,155.4,2.12,14
REQ-01629,2026-05-21 20:50:00,Notification Service,Production,Bangalore,DELETE,502,441.8,1.54,250
REQ-01630,2026-01-11 06:21:00,User Service,Production,Hyderabad,POST,503,490.7,0.94,67
REQ-01631,2026-04-24 10:11:00,Auth Service,Staging,Pune,GET,200,183.6,3.91,31
REQ-01632,2026-06-05 23:05:00,User Service,Production,Bangalore,GET,201,165.7,0.26,64
REQ-01633,2026-02-25 08:57:00,API Gateway,Production,Mumbai,GET,200,129.7,1.12,355
REQ-01634,2026-05-07 07:11:00,Auth Service,Production,Hyderabad,GET,401,85.4,2.6,320
REQ-01635,2026-06-23 04:13:00,User Service,Production,Pune,POST,200,146.9,0.69,61
REQ-01636,2026-05-22 03:42:00,Payment Service,Production,Bangalore,POST,200,363.1,1.17,39
REQ-01637,2026-01-02 03:38:00,User Service,Production,Hyderabad,DELETE,200,171.6,1.01,271
REQ-01638,2026-06-20 13:02:00,API Gateway,Production,Mumbai,GET,200,226.1,3.46,344
REQ-01639,2026-05-03 06:17:00,Payment Service,Staging,Hyderabad,GET,503,784.3,0.85,346
REQ-01640,2026-05-09 05:47:00,Notification Service,Staging,Pune,GET,200,281.9,3.88,310
REQ-01641,2026-02-01 21:57:00,Auth Service,Production,Mumbai,GET,200,98.8,3.05,429
REQ-01642,2026-02-24 03:51:00,Notification Service,Production,Pune,GET,200,218.0,0.88,207
REQ-01643,2026-06-08 14:40:00,User Service,Staging,Mumbai,GET,201,255.9,0.28,131
REQ-01644,2026-01-04 00:13:00,Payment Service,Production,Mumbai,GET,201,300.7,2.65,407
REQ-01645,2026-03-12 19:46:00,Notification Service,Production,Pune,GET,200,289.3,0.77,146
REQ-01646,2026-03-02 13:11:00,User Service,Production,Pune,POST,200,225.4,0.21,69
REQ-01647,2026-06-04 22:54:00,User Service,Production,Hyderabad,DELETE,400,275.5,1.2,199
REQ-01648,2026-02-15 09:51:00,API Gateway,Production,Hyderabad,GET,200,153.3,1.55,304
REQ-01649,2026-01-21 10:24:00,Notification Service,Production,Pune,GET,429,209.1,0.8,248
REQ-01650,2026-05-30 05:57:00,Notification Service,Production,Hyderabad,POST,200,126.3,0.9,241
REQ-01651,2026-02-05 00:20:00,User Service,Production,Mumbai,GET,201,293.5,3.38,382
REQ-01652,2026-06-27 04:12:00,User Service,Production,Mumbai,DELETE,404,329.4,0.83,318
REQ-01653,2026-04-05 05:41:00,Payment Service,Production,Hyderabad,DELETE,500,382.0,3.84,235
REQ-01654,2026-06-25 18:50:00,Auth Service,Production,Pune,GET,200,161.3,1.33,15
REQ-01655,2026-04-29 04:49:00,API Gateway,Production,Bangalore,PUT,404,232.5,2.07,359
REQ-01656,2026-04-05 14:43:00,API Gateway,Staging,Hyderabad,POST,400,87.8,0.76,41
REQ-01657,2026-03-09 18:23:00,Notification Service,Production,Pune,POST,200,115.1,2.82,85
REQ-01658,2026-05-15 21:27:00,API Gateway,Production,Mumbai,GET,500,193.5,2.89,396
REQ-01659,2026-05-24 13:37:00,Auth Service,Production,Pune,GET,200,188.7,2.62,145
REQ-01660,2026-04-04 10:36:00,Auth Service,Staging,Mumbai,GET,401,129.9,0.68,17
REQ-01661,2026-02-10 22:25:00,User Service,Production,Bangalore,POST,400,151.9,1.33,215
REQ-01662,2026-02-19 15:59:00,Payment Service,Staging,Bangalore,GET,500,578.7,0.24,372
REQ-01663,2026-05-02 18:48:00,User Service,Production,Bangalore,POST,200,282.0,0.83,266
REQ-01664,2026-05-19 09:47:00,Notification Service,Production,Hyderabad,GET,200,316.5,2.45,410
REQ-01665,2026-04-11 12:50:00,Auth Service,Staging,Bangalore,GET,201,111.9,1.56,212
REQ-01666,2026-04-15 10:44:00,User Service,Production,Mumbai,GET,429,312.3,1.24,470
REQ-01667,2026-05-15 16:33:00,Payment Service,Staging,Bangalore,PUT,200,222.5,1.32,10
REQ-01668,2026-02-17 12:08:00,Payment Service,Staging,Hyderabad,POST,400,258.7,2.57,4
REQ-01669,2026-01-27 02:37:00,Notification Service,Production,Hyderabad,GET,502,189.7,0.49,243
REQ-01670,2026-02-17 13:21:00,API Gateway,Production,Hyderabad,POST,200,186.4,1.42,89
REQ-01671,2026-04-26 16:57:00,Payment Service,Production,Pune,PUT,400,319.1,1.89,301
REQ-01672,2026-03-22 11:50:00,User Service,Production,Mumbai,POST,200,171.6,3.44,349
REQ-01673,2026-05-13 19:52:00,Auth Service,Production,Bangalore,POST,200,183.0,1.25,49
REQ-01674,2026-06-06 18:23:00,Auth Service,Production,Bangalore,PUT,400,94.1,2.61,159
REQ-01675,2026-06-15 12:30:00,User Service,Production,Hyderabad,PUT,200,148.9,0.23,128
REQ-01676,2026-04-29 06:36:00,User Service,Production,Hyderabad,POST,401,158.9,3.43,36
REQ-01677,2026-04-27 23:29:00,API Gateway,Staging,Pune,PUT,201,295.9,3.77,305
REQ-01678,2026-01-22 09:03:00,Payment Service,Production,Bangalore,GET,400,190.9,1.3,308
REQ-01679,2026-04-05 04:11:00,API Gateway,Staging,Mumbai,POST,201,122.6,2.25,401
REQ-01680,2026-05-27 12:33:00,Auth Service,Production,Bangalore,POST,401,111.8,1.53,375
REQ-01681,2026-01-12 22:56:00,Auth Service,Production,Mumbai,DELETE,200,172.4,2.59,164
REQ-01682,2026-01-15 12:52:00,User Service,Production,Mumbai,GET,200,228.9,3.84,474
REQ-01683,2026-04-18 20:24:00,User Service,Staging,Mumbai,POST,502,459.3,0.66,218
REQ-01684,2026-01-16 07:10:00,User Service,Production,Bangalore,GET,201,182.5,2.13,406
REQ-01685,2026-02-21 23:41:00,Notification Service,Production,Bangalore,POST,200,285.2,0.91,198
REQ-01686,2026-01-05 22:21:00,API Gateway,Production,Pune,POST,500,317.3,2.63,231
REQ-01687,2026-04-07 17:31:00,Auth Service,Production,Bangalore,GET,200,115.5,3.96,424
REQ-01688,2026-04-16 20:55:00,Notification Service,Production,Pune,GET,200,261.9,1.45,402
REQ-01689,2026-06-08 00:33:00,Payment Service,Production,Bangalore,GET,200,343.0,1.4,280
REQ-01690,2026-05-05 11:44:00,API Gateway,Production,Pune,GET,200,84.8,3.19,95
REQ-01691,2026-05-13 02:55:00,Notification Service,Production,Bangalore,GET,500,260.5,1.81,71
REQ-01692,2026-02-28 22:05:00,API Gateway,Production,Mumbai,GET,200,189.7,1.68,134
REQ-01693,2026-04-17 08:49:00,User Service,Production,Hyderabad,GET,502,255.4,3.73,418
REQ-01694,2026-03-18 23:25:00,User Service,Production,Pune,PUT,200,257.9,0.86,212
REQ-01695,2026-02-08 07:48:00,API Gateway,Production,Hyderabad,GET,200,241.4,2.24,332
REQ-01696,2026-01-06 04:45:00,Notification Service,Production,Pune,DELETE,200,322.4,0.83,81
REQ-01697,2026-04-16 12:33:00,Auth Service,Staging,Hyderabad,POST,200,148.7,2.26,19
REQ-01698,2026-06-04 08:13:00,API Gateway,Production,Pune,POST,200,209.2,3.6,283
REQ-01699,2026-05-04 05:42:00,API Gateway,Production,Mumbai,GET,201,161.0,2.44,154
REQ-01700,2026-02-20 00:43:00,Auth Service,Production,Hyderabad,GET,200,143.8,3.77,236
REQ-01701,2026-04-01 04:09:00,User Service,Production,Hyderabad,GET,201,264.8,1.98,252
REQ-01702,2026-03-19 01:09:00,User Service,Production,Pune,POST,200,133.5,3.89,2
REQ-01703,2026-03-21 03:44:00,Auth Service,Production,Mumbai,GET,502,275.0,0.87,249
REQ-01704,2026-04-15 23:01:00,Payment Service,Production,Bangalore,POST,200,463.8,1.06,291
REQ-01705,2026-05-02 17:12:00,Notification Service,Production,Mumbai,GET,200,154.2,3.4,214
REQ-01706,2026-06-04 22:49:00,Payment Service,Production,Hyderabad,GET,200,257.9,3.5,136
REQ-01707,2026-03-30 07:17:00,Payment Service,Production,Bangalore,POST,200,525.7,2.78,157
REQ-01708,2026-06-06 01:48:00,Payment Service,Production,Pune,GET,400,435.1,1.49,236
REQ-01709,2026-05-07 02:23:00,Payment Service,Production,Hyderabad,DELETE,400,285.4,1.51,157
REQ-01710,2026-04-16 19:37:00,API Gateway,Production,Mumbai,GET,200,213.6,0.16,234
REQ-01711,2026-05-16 01:13:00,Payment Service,Production,Mumbai,GET,201,301.8,0.2,259
REQ-01712,2026-04-20 09:17:00,Auth Service,Production,Mumbai,GET,503,238.2,3.55,130
REQ-01713,2026-06-21 06:02:00,User Service,Production,Pune,POST,200,99.6,3.94,111
REQ-01714,2026-06-15 09:11:00,User Service,Production,Pune,DELETE,200,229.0,2.33,482
REQ-01715,2026-04-06 01:30:00,Payment Service,Production,Bangalore,POST,429,220.4,2.99,43
REQ-01716,2026-06-14 13:57:00,Payment Service,Production,Bangalore,DELETE,200,176.9,2.03,158
REQ-01717,2026-03-26 02:23:00,API Gateway,Production,Bangalore,POST,502,176.5,1.33,466
REQ-01718,2026-04-25 17:35:00,Payment Service,Production,Pune,GET,404,219.5,2.09,480
REQ-01719,2026-05-24 22:22:00,API Gateway,Staging,Pune,DELETE,401,140.4,3.18,494
REQ-01720,2026-03-09 16:09:00,API Gateway,Production,Pune,POST,502,391.4,3.16,479
REQ-01721,2026-03-10 13:24:00,User Service,Staging,Hyderabad,GET,502,214.1,0.41,368
REQ-01722,2026-06-25 23:29:00,API Gateway,Production,Bangalore,DELETE,200,250.0,0.4,307
REQ-01723,2026-05-25 15:11:00,Payment Service,Production,Bangalore,GET,429,289.1,2.41,325
REQ-01724,2026-02-22 14:03:00,API Gateway,Staging,Pune,GET,201,129.9,1.04,363
REQ-01725,2026-06-29 01:21:00,Auth Service,Staging,Pune,GET,200,101.6,1.49,50
REQ-01726,2026-05-13 13:33:00,Auth Service,Production,Mumbai,DELETE,200,165.9,3.05,241
REQ-01727,2026-02-01 19:53:00,User Service,Production,Pune,PUT,502,200.1,3.59,25
REQ-01728,2026-04-11 12:31:00,Notification Service,Production,Pune,PUT,200,282.8,1.28,368
REQ-01729,2026-04-08 19:22:00,Payment Service,Production,Mumbai,POST,200,313.1,1.09,284
REQ-01730,2026-02-27 22:59:00,Payment Service,Production,Pune,GET,400,399.5,2.59,144
REQ-01731,2026-06-22 07:55:00,API Gateway,Production,Hyderabad,POST,200,122.4,1.65,161
REQ-01732,2026-05-12 08:22:00,User Service,Production,Hyderabad,GET,503,346.3,3.04,88
REQ-01733,2026-01-06 01:28:00,API Gateway,Production,Mumbai,POST,503,217.7,1.88,48
REQ-01734,2026-02-27 21:38:00,API Gateway,Production,Pune,GET,200,189.2,2.44,41
REQ-01735,2026-02-09 17:04:00,API Gateway,Staging,Mumbai,GET,200,322.5,1.29,120
REQ-01736,2026-04-07 10:34:00,User Service,Production,Pune,PUT,400,356.4,0.27,205
REQ-01737,2026-04-06 08:21:00,Payment Service,Production,Hyderabad,POST,200,353.8,1.45,128
REQ-01738,2026-04-07 15:35:00,Notification Service,Production,Hyderabad,POST,200,398.4,3.17,362
REQ-01739,2026-04-12 11:01:00,API Gateway,Production,Mumbai,DELETE,200,99.4,2.26,417
REQ-01740,2026-03-20 13:54:00,Payment Service,Staging,Bangalore,GET,200,285.3,0.48,50
REQ-01741,2026-01-17 20:20:00,User Service,Production,Bangalore,PUT,401,282.6,1.0,190
REQ-01742,2026-05-22 22:18:00,API Gateway,Staging,Bangalore,POST,201,43.0,3.06,401
REQ-01743,2026-05-12 06:53:00,Auth Service,Production,Mumbai,POST,502,201.6,0.82,304
REQ-01744,2026-02-03 02:06:00,API Gateway,Production,Hyderabad,GET,500,306.9,2.82,169
REQ-01745,2026-03-01 02:14:00,Notification Service,Staging,Mumbai,GET,200,146.9,1.19,395
REQ-01746,2026-05-02 22:56:00,API Gateway,Staging,Hyderabad,DELETE,200,221.5,1.44,372
REQ-01747,2026-02-04 00:48:00,Notification Service,Staging,Bangalore,GET,401,222.6,2.62,42
REQ-01748,2026-03-20 15:51:00,Auth Service,Staging,Hyderabad,POST,201,147.8,1.84,458
REQ-01749,2026-03-17 03:47:00,User Service,Production,Pune,POST,400,192.9,0.86,214
REQ-01750,2026-05-20 15:10:00,Auth Service,Production,Pune,GET,200,168.1,0.5,200
REQ-01751,2026-03-31 11:43:00,Payment Service,Production,Mumbai,GET,400,399.9,0.4,92
REQ-01752,2026-01-21 13:25:00,API Gateway,Staging,Hyderabad,GET,200,204.0,2.26,345
REQ-01753,2026-04-09 03:21:00,Auth Service,Production,Mumbai,PUT,502,127.9,1.61,479
REQ-01754,2026-01-05 07:40:00,Payment Service,Staging,Mumbai,POST,503,653.8,1.41,495
REQ-01755,2026-01-07 20:24:00,Payment Service,Production,Pune,GET,201,313.1,1.47,243
REQ-01756,2026-02-19 12:53:00,Payment Service,Production,Mumbai,POST,200,374.0,2.46,234
REQ-01757,2026-05-25 06:26:00,Payment Service,Production,Mumbai,GET,200,268.0,1.7,106
REQ-01758,2026-02-06 19:45:00,API Gateway,Production,Mumbai,PUT,200,129.4,3.23,451
REQ-01759,2026-03-14 10:54:00,Notification Service,Production,Mumbai,GET,200,350.4,2.72,33
REQ-01760,2026-01-08 13:26:00,API Gateway,Staging,Mumbai,GET,500,400.0,3.38,378
REQ-01761,2026-01-24 07:45:00,Notification Service,Production,Bangalore,GET,200,315.7,3.21,182
REQ-01762,2026-02-05 10:39:00,Payment Service,Production,Mumbai,GET,200,330.6,3.24,436
REQ-01763,2026-06-25 06:43:00,Auth Service,Production,Hyderabad,DELETE,200,104.3,0.94,106
REQ-01764,2026-03-13 14:03:00,Payment Service,Production,Mumbai,GET,404,503.4,0.26,88
REQ-01765,2026-01-24 18:56:00,Auth Service,Staging,Mumbai,GET,503,322.3,1.68,397
REQ-01766,2026-01-26 01:19:00,User Service,Production,Hyderabad,GET,200,267.1,2.29,387
REQ-01767,2026-03-27 14:33:00,User Service,Production,Pune,DELETE,200,231.3,0.27,45
REQ-01768,2026-03-21 06:45:00,API Gateway,Production,Mumbai,POST,200,238.6,1.55,37
REQ-01769,2026-05-09 07:10:00,Auth Service,Production,Mumbai,POST,400,176.0,3.05,278
REQ-01770,2026-04-17 15:12:00,Auth Service,Production,Mumbai,GET,200,183.4,1.33,80
REQ-01771,2026-05-04 01:09:00,User Service,Production,Bangalore,POST,201,287.9,2.13,208
REQ-01772,2026-03-29 21:06:00,API Gateway,Staging,Bangalore,PUT,503,218.2,1.7,73
REQ-01773,2026-03-13 06:14:00,User Service,Production,Bangalore,POST,500,464.5,1.61,243
REQ-01774,2026-01-06 01:52:00,Notification Service,Staging,Mumbai,PUT,200,315.3,0.76,69
REQ-01775,2026-04-09 04:07:00,User Service,Staging,Bangalore,GET,200,269.0,2.13,309
REQ-01776,2026-03-10 13:43:00,API Gateway,Staging,Mumbai,GET,503,374.2,2.29,7
REQ-01777,2026-04-20 23:31:00,Payment Service,Production,Pune,POST,503,650.1,2.86,299
REQ-01778,2026-02-05 02:10:00,Payment Service,Production,Mumbai,POST,201,189.9,1.93,17
REQ-01779,2026-02-14 04:27:00,User Service,Production,Pune,GET,429,239.8,2.84,311
REQ-01780,2026-04-06 04:01:00,Notification Service,Staging,Pune,POST,200,327.8,0.63,3
REQ-01781,2026-02-11 00:50:00,Payment Service,Staging,Pune,POST,500,253.1,2.2,195
REQ-01782,2026-03-30 13:21:00,API Gateway,Production,Bangalore,POST,200,242.8,2.42,165
REQ-01783,2026-06-28 14:45:00,Notification Service,Production,Bangalore,GET,503,416.2,3.8,262
REQ-01784,2026-02-21 17:31:00,API Gateway,Production,Mumbai,POST,200,189.1,1.76,281
REQ-01785,2026-01-02 08:43:00,API Gateway,Staging,Hyderabad,POST,500,495.0,1.18,376
REQ-01786,2026-06-27 18:20:00,API Gateway,Staging,Pune,PUT,200,176.0,2.95,343
REQ-01787,2026-02-13 13:14:00,Notification Service,Production,Pune,POST,200,228.7,3.3,1
REQ-01788,2026-01-07 20:48:00,User Service,Production,Bangalore,POST,200,246.5,2.32,452
REQ-01789,2026-04-14 10:59:00,Payment Service,Production,Pune,GET,400,267.0,3.91,137
REQ-01790,2026-06-04 07:07:00,User Service,Production,Bangalore,GET,200,325.3,3.14,499
REQ-01791,2026-06-14 03:59:00,User Service,Production,Pune,GET,200,321.1,1.78,130
REQ-01792,2026-03-24 19:58:00,Payment Service,Production,Bangalore,GET,502,643.7,0.98,485
REQ-01793,2026-06-21 18:48:00,User Service,Production,Hyderabad,POST,200,253.3,0.24,269
REQ-01794,2026-03-12 20:12:00,User Service,Staging,Pune,PUT,503,415.2,1.7,152
REQ-01795,2026-04-24 13:09:00,Payment Service,Production,Mumbai,GET,201,429.3,3.85,183
REQ-01796,2026-06-16 18:45:00,Notification Service,Production,Pune,GET,200,307.9,3.93,467
REQ-01797,2026-06-04 23:19:00,Notification Service,Production,Hyderabad,POST,200,232.7,3.11,175
REQ-01798,2026-03-22 22:45:00,API Gateway,Staging,Bangalore,DELETE,200,123.1,1.38,341
REQ-01799,2026-01-17 10:34:00,User Service,Production,Mumbai,GET,503,506.7,3.05,223
REQ-01800,2026-04-28 01:31:00,Auth Service,Production,Mumbai,POST,503,393.7,3.7,32
REQ-01801,2026-01-12 00:12:00,User Service,Production,Bangalore,GET,400,217.9,2.43,391
REQ-01802,2026-06-13 13:30:00,Notification Service,Production,Hyderabad,GET,200,297.3,3.35,327
REQ-01803,2026-01-30 16:27:00,Payment Service,Production,Hyderabad,GET,200,390.8,2.62,209
REQ-01804,2026-01-25 05:20:00,Notification Service,Production,Bangalore,GET,201,253.5,0.26,89
REQ-01805,2026-06-26 02:46:00,User Service,Production,Bangalore,GET,200,291.4,0.33,112
REQ-01806,2026-04-21 19:52:00,API Gateway,Production,Bangalore,DELETE,429,192.7,2.2,333
REQ-01807,2026-02-20 17:45:00,API Gateway,Production,Hyderabad,GET,200,218.2,2.02,66
REQ-01808,2026-02-25 22:45:00,Payment Service,Production,Mumbai,GET,200,408.4,2.91,31
REQ-01809,2026-04-13 22:02:00,User Service,Production,Pune,POST,200,165.0,1.17,323
REQ-01810,2026-02-04 17:19:00,User Service,Production,Mumbai,GET,503,142.8,1.95,151
REQ-01811,2026-02-23 21:34:00,Auth Service,Production,Mumbai,DELETE,200,132.0,1.52,73
REQ-01812,2026-01-16 20:54:00,Notification Service,Staging,Mumbai,PUT,503,481.4,2.38,22
REQ-01813,2026-01-01 16:13:00,Notification Service,Staging,Bangalore,GET,503,606.4,3.54,465
REQ-01814,2026-04-01 06:57:00,Auth Service,Production,Mumbai,GET,200,46.4,0.26,97
REQ-01815,2026-01-22 12:40:00,API Gateway,Production,Bangalore,POST,200,199.2,1.34,473
REQ-01816,2026-03-24 18:33:00,Notification Service,Production,Hyderabad,POST,201,290.0,3.62,287
REQ-01817,2026-06-14 21:20:00,Payment Service,Production,Bangalore,DELETE,200,410.6,1.36,177
REQ-01818,2026-03-18 02:18:00,API Gateway,Production,Hyderabad,GET,200,175.8,2.03,323
REQ-01819,2026-02-12 14:31:00,Notification Service,Production,Pune,POST,200,231.2,2.37,92
REQ-01820,2026-01-13 14:45:00,User Service,Production,Mumbai,GET,401,230.4,2.0,97
REQ-01821,2026-05-24 03:54:00,API Gateway,Production,Mumbai,POST,201,206.6,1.18,254
REQ-01822,2026-04-23 00:47:00,User Service,Production,Hyderabad,POST,200,188.0,2.31,280
REQ-01823,2026-03-24 21:22:00,Auth Service,Production,Pune,GET,200,163.1,2.25,471
REQ-01824,2026-01-16 19:49:00,Auth Service,Staging,Bangalore,POST,200,157.2,3.33,222
REQ-01825,2026-03-10 05:11:00,API Gateway,Production,Hyderabad,PUT,503,311.3,2.83,239
REQ-01826,2026-06-11 00:59:00,Payment Service,Production,Mumbai,GET,200,353.6,0.96,333
REQ-01827,2026-06-03 13:41:00,API Gateway,Production,Hyderabad,GET,200,251.3,3.45,134
REQ-01828,2026-04-26 06:41:00,User Service,Staging,Bangalore,POST,201,185.9,1.99,8
REQ-01829,2026-03-29 18:59:00,Notification Service,Production,Bangalore,GET,503,279.4,2.09,279
REQ-01830,2026-03-11 11:17:00,Notification Service,Production,Pune,PUT,201,203.5,2.74,60
REQ-01831,2026-04-30 11:07:00,Payment Service,Production,Mumbai,POST,500,514.4,2.75,333
REQ-01832,2026-01-09 14:03:00,Payment Service,Production,Mumbai,GET,200,195.1,2.66,177
REQ-01833,2026-06-03 14:00:00,Notification Service,Production,Hyderabad,GET,404,291.7,3.47,366
REQ-01834,2026-03-13 12:58:00,API Gateway,Production,Bangalore,POST,404,132.1,2.51,138
REQ-01835,2026-01-08 00:21:00,Auth Service,Production,Bangalore,GET,500,323.9,1.45,428
REQ-01836,2026-03-15 19:19:00,User Service,Production,Bangalore,GET,200,234.3,3.94,218
REQ-01837,2026-04-20 06:00:00,User Service,Production,Bangalore,GET,200,144.2,3.68,83
REQ-01838,2026-06-26 17:34:00,API Gateway,Production,Bangalore,GET,500,261.5,0.24,314
REQ-01839,2026-02-03 13:02:00,User Service,Production,Mumbai,GET,200,214.2,2.28,206
REQ-01840,2026-02-04 23:34:00,Auth Service,Production,Hyderabad,GET,200,182.3,3.33,275
REQ-01841,2026-05-30 09:01:00,User Service,Production,Bangalore,GET,400,174.4,3.7,328
REQ-01842,2026-06-26 21:13:00,Payment Service,Production,Pune,PUT,201,235.5,2.07,62
REQ-01843,2026-05-28 13:39:00,Payment Service,Production,Bangalore,POST,200,308.7,2.54,344
REQ-01844,2026-02-28 12:29:00,Payment Service,Staging,Hyderabad,GET,200,265.0,2.49,48
REQ-01845,2026-02-16 22:07:00,Auth Service,Staging,Pune,POST,200,166.0,0.52,373
REQ-01846,2026-04-16 10:36:00,Payment Service,Production,Mumbai,GET,200,553.2,3.56,274
REQ-01847,2026-01-15 02:45:00,Auth Service,Production,Hyderabad,DELETE,502,309.4,3.62,275
REQ-01848,2026-06-07 20:30:00,User Service,Production,Hyderabad,POST,201,233.0,2.2,399
REQ-01849,2026-03-04 12:51:00,User Service,Production,Bangalore,POST,200,298.1,0.25,219
REQ-01850,2026-04-02 16:19:00,Auth Service,Production,Bangalore,GET,503,288.2,0.35,103
REQ-01851,2026-05-19 09:08:00,Notification Service,Production,Hyderabad,POST,200,338.2,2.97,436
REQ-01852,2026-03-18 08:35:00,Notification Service,Production,Hyderabad,GET,503,463.2,3.12,342
REQ-01853,2026-03-21 06:04:00,Payment Service,Production,Bangalore,GET,200,312.7,0.83,452
REQ-01854,2026-06-17 11:32:00,Auth Service,Production,Bangalore,GET,200,170.7,0.84,371
REQ-01855,2026-05-02 13:20:00,User Service,Production,Hyderabad,GET,201,153.5,1.99,467
REQ-01856,2026-03-03 17:58:00,API Gateway,Production,Hyderabad,GET,201,195.5,3.04,156
REQ-01857,2026-04-11 11:47:00,Auth Service,Production,Hyderabad,POST,200,96.7,1.99,150
REQ-01858,2026-06-24 20:07:00,Auth Service,Production,Bangalore,GET,502,169.1,2.84,478
REQ-01859,2026-06-04 14:21:00,Auth Service,Production,Mumbai,POST,404,120.3,1.06,133
REQ-01860,2026-02-11 22:25:00,User Service,Production,Bangalore,GET,502,227.9,3.36,499
REQ-01861,2026-02-10 09:35:00,User Service,Production,Pune,GET,200,276.2,3.46,209
REQ-01862,2026-02-14 13:22:00,Auth Service,Production,Pune,POST,200,136.1,0.27,242
REQ-01863,2026-06-02 00:48:00,Auth Service,Production,Mumbai,GET,200,88.6,3.55,296
REQ-01864,2026-04-12 11:30:00,User Service,Production,Hyderabad,GET,200,189.8,3.29,153
REQ-01865,2026-06-04 11:32:00,Payment Service,Production,Hyderabad,GET,200,403.9,0.89,32
REQ-01866,2026-05-16 15:36:00,Payment Service,Production,Hyderabad,GET,200,302.7,0.37,202
REQ-01867,2026-01-12 08:01:00,API Gateway,Production,Hyderabad,GET,200,126.1,2.64,192
REQ-01868,2026-03-26 15:29:00,Auth Service,Production,Mumbai,GET,201,131.1,1.1,335
REQ-01869,2026-02-09 12:22:00,User Service,Production,Hyderabad,GET,201,155.5,2.09,364
REQ-01870,2026-02-13 12:39:00,Payment Service,Production,Bangalore,POST,201,296.5,1.14,494
REQ-01871,2026-04-12 02:49:00,Payment Service,Production,Pune,GET,200,227.2,3.71,195
REQ-01872,2026-03-07 21:17:00,Notification Service,Production,Hyderabad,POST,500,447.2,0.88,449
REQ-01873,2026-02-19 20:31:00,Auth Service,Production,Hyderabad,GET,200,72.0,1.79,21
REQ-01874,2026-05-30 21:50:00,Auth Service,Production,Pune,POST,500,86.6,1.61,380
REQ-01875,2026-02-09 13:31:00,User Service,Production,Mumbai,POST,500,386.6,3.39,340
REQ-01876,2026-05-27 23:28:00,Notification Service,Production,Pune,GET,404,191.1,2.28,397
REQ-01877,2026-04-08 22:35:00,API Gateway,Production,Bangalore,POST,400,135.9,2.23,367
REQ-01878,2026-03-24 12:59:00,API Gateway,Staging,Hyderabad,PUT,200,224.1,3.76,360
REQ-01879,2026-03-14 21:47:00,API Gateway,Production,Hyderabad,POST,200,216.4,1.65,412
REQ-01880,2026-04-06 11:33:00,User Service,Production,Bangalore,POST,201,282.8,2.23,347
REQ-01881,2026-04-14 14:42:00,User Service,Production,Bangalore,PUT,503,528.7,3.41,27
REQ-01882,2026-04-06 22:40:00,User Service,Production,Bangalore,GET,200,291.2,0.81,98
REQ-01883,2026-01-19 22:41:00,API Gateway,Production,Pune,GET,201,123.1,2.62,445
REQ-01884,2026-01-22 10:18:00,API Gateway,Staging,Hyderabad,GET,502,242.0,0.32,233
REQ-01885,2026-06-08 04:58:00,Notification Service,Production,Pune,GET,200,290.9,1.48,375
REQ-01886,2026-02-28 05:25:00,Notification Service,Production,Pune,POST,404,182.7,0.77,68
REQ-01887,2026-03-15 07:38:00,Payment Service,Production,Hyderabad,POST,500,523.7,0.21,458
REQ-01888,2026-05-09 09:44:00,API Gateway,Production,Hyderabad,POST,502,295.3,1.47,138
REQ-01889,2026-04-24 14:37:00,Auth Service,Staging,Hyderabad,GET,200,147.3,1.06,402
REQ-01890,2026-01-13 16:03:00,User Service,Production,Hyderabad,POST,200,267.7,1.53,390
REQ-01891,2026-04-06 17:25:00,User Service,Production,Mumbai,GET,200,233.3,1.73,420
REQ-01892,2026-04-18 10:56:00,API Gateway,Production,Bangalore,POST,404,158.4,1.12,285
REQ-01893,2026-04-25 04:11:00,Auth Service,Production,Bangalore,POST,500,175.1,2.48,256
REQ-01894,2026-05-25 12:14:00,Auth Service,Production,Bangalore,POST,400,112.4,3.0,353
REQ-01895,2026-01-08 21:59:00,Notification Service,Production,Bangalore,GET,503,647.7,3.3,482
REQ-01896,2026-03-12 12:44:00,Notification Service,Production,Bangalore,POST,401,160.8,0.98,12
REQ-01897,2026-03-12 12:21:00,API Gateway,Production,Mumbai,GET,200,188.5,2.07,431
REQ-01898,2026-06-07 06:05:00,API Gateway,Production,Pune,POST,201,142.8,1.33,414
REQ-01899,2026-03-16 17:16:00,Auth Service,Production,Bangalore,POST,200,204.5,3.17,377
REQ-01900,2026-02-11 13:50:00,API Gateway,Production,Bangalore,DELETE,404,171.9,0.43,315
REQ-01901,2026-06-08 01:51:00,User Service,Production,Bangalore,POST,201,137.9,0.14,66
REQ-01902,2026-05-25 18:23:00,Auth Service,Production,Bangalore,GET,200,148.6,0.89,124
REQ-01903,2026-05-08 22:21:00,Auth Service,Production,Mumbai,GET,429,151.3,2.22,448
REQ-01904,2026-01-11 10:29:00,Payment Service,Production,Bangalore,GET,200,338.8,2.5,119
REQ-01905,2026-06-12 17:24:00,API Gateway,Production,Pune,POST,201,213.8,3.46,31
REQ-01906,2026-04-05 00:30:00,API Gateway,Staging,Pune,GET,200,161.4,3.89,90
REQ-01907,2026-03-05 15:51:00,Notification Service,Production,Bangalore,PUT,200,91.7,1.91,212
REQ-01908,2026-01-18 01:43:00,Payment Service,Production,Bangalore,DELETE,200,439.3,3.58,435
REQ-01909,2026-03-08 02:41:00,User Service,Staging,Hyderabad,POST,502,220.6,1.16,16
REQ-01910,2026-03-21 21:22:00,Payment Service,Production,Mumbai,DELETE,200,470.0,2.72,143
REQ-01911,2026-06-01 16:26:00,Notification Service,Production,Mumbai,POST,201,249.8,2.58,44
REQ-01912,2026-06-16 12:08:00,API Gateway,Production,Bangalore,GET,201,125.1,1.64,214
REQ-01913,2026-03-23 02:54:00,Notification Service,Production,Hyderabad,GET,200,289.2,3.86,58
REQ-01914,2026-01-18 04:17:00,User Service,Production,Mumbai,POST,502,470.7,1.67,448
REQ-01915,2026-03-08 21:42:00,Notification Service,Staging,Pune,GET,200,167.6,3.16,285
REQ-01916,2026-05-22 15:15:00,API Gateway,Production,Mumbai,GET,201,261.8,2.57,297
REQ-01917,2026-03-06 16:00:00,Notification Service,Production,Pune,GET,200,106.9,3.97,144
REQ-01918,2026-01-26 04:18:00,API Gateway,Production,Mumbai,POST,200,212.3,0.22,334
REQ-01919,2026-05-07 12:07:00,Auth Service,Production,Bangalore,GET,200,95.8,2.26,391
REQ-01920,2026-02-26 23:01:00,API Gateway,Production,Mumbai,GET,503,428.2,3.66,6
REQ-01921,2026-03-29 10:05:00,Auth Service,Production,Bangalore,POST,404,138.3,1.64,471
REQ-01922,2026-02-20 02:11:00,API Gateway,Staging,Bangalore,GET,401,164.7,3.9,147
REQ-01923,2026-01-16 16:33:00,Payment Service,Production,Pune,POST,200,243.3,2.43,119
REQ-01924,2026-04-29 03:34:00,Auth Service,Staging,Hyderabad,POST,200,155.7,2.33,385
REQ-01925,2026-04-04 11:19:00,User Service,Production,Hyderabad,GET,200,158.0,2.54,304
REQ-01926,2026-03-08 17:33:00,Payment Service,Production,Pune,GET,200,382.6,3.71,164
REQ-01927,2026-01-27 22:27:00,User Service,Production,Pune,POST,401,222.4,1.0,332
REQ-01928,2026-05-20 03:01:00,Payment Service,Staging,Mumbai,GET,502,482.6,2.26,244
REQ-01929,2026-01-11 20:28:00,API Gateway,Production,Bangalore,GET,200,176.8,3.39,330
REQ-01930,2026-05-21 05:58:00,Notification Service,Production,Pune,GET,200,354.6,2.18,246
REQ-01931,2026-03-26 23:02:00,API Gateway,Production,Bangalore,GET,200,161.1,1.66,377
REQ-01932,2026-06-13 22:33:00,Auth Service,Production,Pune,GET,200,141.7,0.46,396
REQ-01933,2026-02-05 17:05:00,API Gateway,Production,Mumbai,DELETE,200,212.4,2.42,393
REQ-01934,2026-03-03 08:20:00,Payment Service,Production,Hyderabad,DELETE,200,342.9,3.61,366
REQ-01935,2026-01-02 15:15:00,User Service,Production,Pune,POST,201,262.6,1.31,330
REQ-01936,2026-06-03 11:31:00,Auth Service,Production,Mumbai,POST,201,160.6,0.75,423
REQ-01937,2026-02-17 15:10:00,API Gateway,Production,Hyderabad,PUT,200,180.1,1.54,23
REQ-01938,2026-05-01 03:04:00,User Service,Staging,Pune,POST,201,210.0,3.65,165
REQ-01939,2026-06-05 12:03:00,Payment Service,Production,Bangalore,POST,200,353.2,2.23,315
REQ-01940,2026-04-25 03:24:00,API Gateway,Production,Mumbai,GET,201,287.5,0.84,264
REQ-01941,2026-02-01 08:41:00,API Gateway,Production,Mumbai,GET,200,221.6,2.26,492
REQ-01942,2026-05-19 08:29:00,Auth Service,Production,Bangalore,POST,429,143.0,1.76,95
REQ-01943,2026-03-30 01:20:00,API Gateway,Production,Hyderabad,POST,200,227.4,1.58,62
REQ-01944,2026-05-26 23:06:00,API Gateway,Production,Mumbai,POST,200,191.0,0.24,113
REQ-01945,2026-03-08 23:01:00,Payment Service,Staging,Mumbai,DELETE,200,267.5,1.52,338
REQ-01946,2026-02-10 06:05:00,Payment Service,Production,Bangalore,GET,200,398.7,3.94,70
REQ-01947,2026-02-18 09:18:00,Notification Service,Production,Hyderabad,GET,429,150.3,2.65,454
REQ-01948,2026-04-23 19:03:00,Payment Service,Production,Pune,POST,200,301.1,2.7,385
REQ-01949,2026-02-01 01:00:00,Notification Service,Production,Bangalore,GET,401,193.3,0.5,417
REQ-01950,2026-03-09 16:41:00,Auth Service,Staging,Hyderabad,POST,429,171.3,3.21,461
REQ-01951,2026-01-10 03:48:00,Auth Service,Production,Bangalore,GET,200,101.9,1.87,160
REQ-01952,2026-05-29 17:26:00,Payment Service,Production,Mumbai,GET,500,476.0,1.98,412
REQ-01953,2026-01-31 02:21:00,Payment Service,Production,Mumbai,GET,200,302.5,1.23,213
REQ-01954,2026-01-25 10:09:00,Auth Service,Production,Bangalore,GET,200,171.0,1.58,495
REQ-01955,2026-05-21 10:20:00,Payment Service,Production,Bangalore,GET,200,285.4,1.43,138
REQ-01956,2026-02-10 17:22:00,Payment Service,Production,Hyderabad,POST,429,256.6,0.61,173
REQ-01957,2026-01-26 22:16:00,Payment Service,Staging,Pune,GET,503,713.3,2.23,5
REQ-01958,2026-02-22 22:30:00,Notification Service,Production,Hyderabad,DELETE,200,339.4,2.01,227
REQ-01959,2026-04-11 21:56:00,Payment Service,Production,Mumbai,GET,401,422.7,1.91,37
REQ-01960,2026-05-17 07:46:00,User Service,Production,Hyderabad,POST,200,121.9,0.75,1
REQ-01961,2026-02-18 08:54:00,Notification Service,Production,Mumbai,DELETE,200,173.2,3.26,210
REQ-01962,2026-06-16 05:25:00,API Gateway,Production,Mumbai,POST,200,210.5,3.36,43
REQ-01963,2026-04-25 08:49:00,API Gateway,Production,Pune,POST,200,165.4,1.58,176
REQ-01964,2026-06-26 01:55:00,User Service,Production,Pune,POST,201,78.6,3.75,244
REQ-01965,2026-04-07 14:50:00,Auth Service,Staging,Hyderabad,POST,400,50.6,3.67,373
REQ-01966,2026-02-17 17:59:00,User Service,Production,Pune,DELETE,200,238.8,1.91,13
REQ-01967,2026-04-12 21:46:00,API Gateway,Production,Pune,POST,200,227.1,0.42,11
REQ-01968,2026-03-06 14:39:00,Payment Service,Production,Mumbai,POST,500,980.0,2.82,120
REQ-01969,2026-02-24 21:52:00,Notification Service,Production,Bangalore,GET,200,300.0,3.43,120
REQ-01970,2026-01-16 10:31:00,Notification Service,Production,Hyderabad,DELETE,200,245.6,2.77,94
REQ-01971,2026-05-18 12:45:00,API Gateway,Production,Bangalore,GET,500,349.6,0.95,282
REQ-01972,2026-02-04 09:45:00,User Service,Production,Bangalore,POST,502,342.2,0.25,320
REQ-01973,2026-06-05 19:10:00,Notification Service,Production,Bangalore,POST,200,261.5,3.14,85
REQ-01974,2026-04-09 03:20:00,API Gateway,Production,Mumbai,GET,200,113.8,2.51,392
REQ-01975,2026-01-15 14:58:00,Notification Service,Production,Mumbai,GET,200,319.0,2.25,304
REQ-01976,2026-05-17 18:27:00,API Gateway,Production,Pune,POST,200,174.1,1.87,54
REQ-01977,2026-03-19 08:54:00,User Service,Production,Bangalore,PUT,200,238.0,2.61,150
REQ-01978,2026-04-08 18:53:00,Notification Service,Production,Pune,POST,200,267.6,1.63,352
REQ-01979,2026-03-16 10:03:00,Auth Service,Staging,Pune,POST,429,91.7,0.88,123
REQ-01980,2026-06-14 21:12:00,API Gateway,Production,Bangalore,POST,200,139.5,1.05,148
REQ-01981,2026-02-22 02:36:00,Payment Service,Production,Bangalore,GET,429,369.8,3.3,25
REQ-01982,2026-03-03 01:57:00,API Gateway,Production,Bangalore,POST,200,134.9,3.61,417
REQ-01983,2026-05-28 08:21:00,User Service,Production,Mumbai,PUT,200,195.6,3.19,54
REQ-01984,2026-06-28 04:38:00,API Gateway,Production,Hyderabad,POST,200,202.9,0.81,228
REQ-01985,2026-05-28 08:44:00,Notification Service,Staging,Bangalore,PUT,200,306.5,2.03,461
REQ-01986,2026-02-03 06:38:00,Notification Service,Staging,Bangalore,POST,201,174.0,1.42,233
REQ-01987,2026-03-27 03:38:00,API Gateway,Production,Mumbai,POST,200,192.4,0.72,376
REQ-01988,2026-06-27 23:26:00,API Gateway,Staging,Hyderabad,DELETE,200,90.4,1.37,297
REQ-01989,2026-01-29 18:17:00,Auth Service,Production,Bangalore,GET,200,116.1,0.24,140
REQ-01990,2026-02-11 23:57:00,Payment Service,Staging,Hyderabad,POST,200,320.7,1.48,301
REQ-01991,2026-05-11 15:24:00,Notification Service,Production,Pune,GET,429,146.1,2.78,219
REQ-01992,2026-01-26 02:38:00,Payment Service,Production,Pune,POST,502,304.1,2.98,53
REQ-01993,2026-04-21 15:19:00,Auth Service,Production,Pune,GET,200,49.8,1.13,146
REQ-01994,2026-02-19 09:23:00,API Gateway,Staging,Pune,GET,200,209.5,1.05,50
REQ-01995,2026-04-04 20:51:00,Payment Service,Production,Pune,GET,200,404.3,2.35,61
REQ-01996,2026-02-27 20:19:00,User Service,Production,Pune,POST,500,223.8,1.25,365
REQ-01997,2026-04-03 20:47:00,Notification Service,Production,Mumbai,GET,200,246.1,0.22,105
REQ-01998,2026-06-01 22:44:00,API Gateway,Staging,Hyderabad,POST,200,86.6,1.41,483
REQ-01999,2026-02-21 01:13:00,Auth Service,Production,Bangalore,PUT,200,123.2,3.06,194
REQ-02000,2026-04-14 20:51:00,Payment Service,Production,Bangalore,GET,200,256.8,0.84,253
REQ-02001,2026-01-21 04:36:00,Payment Service,Production,Pune,PUT,404,240.2,0.12,16
REQ-02002,2026-01-17 03:17:00,Payment Service,Staging,Pune,GET,401,220.8,0.36,32
REQ-02003,2026-06-29 15:44:00,User Service,Production,Bangalore,GET,500,391.9,2.89,445
REQ-02004,2026-04-03 08:47:00,Payment Service,Staging,Pune,DELETE,200,391.3,0.52,279
REQ-02005,2026-04-26 13:22:00,Payment Service,Production,Bangalore,GET,502,482.9,2.14,350
REQ-02006,2026-05-10 05:20:00,Payment Service,Production,Pune,GET,400,477.6,2.22,61
REQ-02007,2026-06-10 01:44:00,User Service,Production,Hyderabad,GET,503,397.0,2.65,178
REQ-02008,2026-01-04 19:33:00,User Service,Production,Hyderabad,POST,200,240.0,0.92,295
REQ-02009,2026-05-31 19:59:00,Auth Service,Staging,Pune,GET,404,55.1,0.22,307
REQ-02010,2026-06-27 16:08:00,Payment Service,Production,Bangalore,POST,200,398.9,3.7,187
REQ-02011,2026-01-29 19:22:00,Payment Service,Production,Mumbai,GET,404,334.4,2.93,469
REQ-02012,2026-01-04 02:36:00,API Gateway,Staging,Hyderabad,GET,503,408.0,0.57,42
REQ-02013,2026-05-31 08:17:00,API Gateway,Staging,Pune,PUT,400,205.3,1.47,384
REQ-02014,2026-02-13 14:18:00,Payment Service,Staging,Hyderabad,POST,200,174.6,1.07,494
REQ-02015,2026-05-28 15:32:00,Notification Service,Staging,Mumbai,POST,404,267.8,3.81,47
REQ-02016,2026-05-11 05:50:00,Notification Service,Production,Bangalore,DELETE,201,333.5,2.03,187
REQ-02017,2026-05-27 04:13:00,Payment Service,Production,Mumbai,POST,500,494.3,1.77,366
REQ-02018,2026-04-09 16:31:00,User Service,Production,Pune,GET,401,217.6,1.42,312
REQ-02019,2026-01-10 14:59:00,User Service,Production,Hyderabad,PUT,500,298.2,0.15,227
REQ-02020,2026-05-02 10:07:00,API Gateway,Production,Mumbai,GET,401,205.5,3.64,226
REQ-02021,2026-03-27 03:34:00,User Service,Production,Hyderabad,GET,502,331.7,3.86,418
REQ-02022,2026-03-26 04:32:00,Auth Service,Production,Hyderabad,GET,200,83.3,3.16,265
REQ-02023,2026-05-10 20:40:00,Auth Service,Production,Hyderabad,GET,500,250.6,1.63,261
REQ-02024,2026-05-19 18:13:00,Payment Service,Production,Hyderabad,POST,404,356.5,2.47,143
REQ-02025,2026-06-14 12:09:00,Auth Service,Production,Mumbai,GET,500,249.3,1.14,358
REQ-02026,2026-02-11 17:29:00,User Service,Production,Hyderabad,POST,201,209.1,2.3,73
REQ-02027,2026-06-14 23:39:00,Notification Service,Production,Bangalore,GET,502,171.8,1.59,425
REQ-02028,2026-06-15 09:03:00,Auth Service,Production,Bangalore,POST,200,124.4,3.98,115
REQ-02029,2026-03-13 10:40:00,User Service,Production,Bangalore,GET,200,286.3,0.57,116
REQ-02030,2026-01-12 15:20:00,API Gateway,Production,Bangalore,POST,201,212.6,1.42,341
REQ-02031,2026-03-30 06:19:00,API Gateway,Production,Hyderabad,GET,200,87.9,2.07,489
REQ-02032,2026-06-12 00:22:00,User Service,Production,Mumbai,POST,201,165.6,0.28,401
REQ-02033,2026-01-31 21:33:00,API Gateway,Production,Bangalore,POST,502,250.4,2.59,412
REQ-02034,2026-02-03 12:20:00,Notification Service,Production,Mumbai,POST,500,401.0,1.82,436
REQ-02035,2026-03-03 21:02:00,User Service,Production,Pune,POST,400,202.4,1.51,196
REQ-02036,2026-03-20 09:25:00,API Gateway,Production,Mumbai,POST,200,161.7,1.81,95
REQ-02037,2026-05-23 16:31:00,Notification Service,Staging,Mumbai,GET,201,288.8,3.52,122
REQ-02038,2026-06-22 21:25:00,Auth Service,Staging,Bangalore,POST,201,115.9,0.77,376
REQ-02039,2026-06-19 03:48:00,Payment Service,Production,Mumbai,POST,200,194.2,2.39,168
REQ-02040,2026-05-19 12:20:00,User Service,Production,Pune,GET,503,525.8,0.86,421
REQ-02041,2026-05-19 13:19:00,User Service,Staging,Bangalore,POST,200,143.6,1.32,222
REQ-02042,2026-04-08 16:17:00,Auth Service,Production,Mumbai,POST,200,110.7,1.24,304
REQ-02043,2026-02-01 19:18:00,Auth Service,Production,Mumbai,POST,200,168.2,2.64,472
REQ-02044,2026-02-09 16:52:00,API Gateway,Production,Hyderabad,PUT,200,191.2,3.65,100
REQ-02045,2026-04-15 18:11:00,User Service,Production,Pune,GET,502,203.7,1.25,410
REQ-02046,2026-03-21 06:27:00,Notification Service,Staging,Hyderabad,PUT,400,207.0,3.08,128
REQ-02047,2026-02-23 16:23:00,API Gateway,Production,Pune,POST,200,112.9,1.5,52
REQ-02048,2026-05-12 23:47:00,Payment Service,Production,Pune,POST,200,474.0,3.57,332
REQ-02049,2026-06-21 20:07:00,Auth Service,Production,Hyderabad,GET,502,102.8,3.44,479
REQ-02050,2026-06-27 15:45:00,API Gateway,Production,Pune,GET,200,148.4,0.8,161
REQ-02051,2026-02-26 20:36:00,Auth Service,Production,Mumbai,POST,200,128.8,3.8,210
REQ-02052,2026-05-07 04:41:00,Payment Service,Production,Pune,POST,201,313.6,2.26,459
REQ-02053,2026-04-01 08:35:00,Auth Service,Staging,Pune,GET,201,99.0,1.71,182
REQ-02054,2026-04-20 06:47:00,Payment Service,Staging,Pune,POST,503,427.4,0.14,244
REQ-02055,2026-05-04 18:35:00,Auth Service,Production,Mumbai,GET,500,77.9,2.64,474
REQ-02056,2026-06-28 10:25:00,User Service,Production,Mumbai,DELETE,201,238.0,3.08,160
REQ-02057,2026-02-06 04:56:00,User Service,Staging,Pune,GET,502,71.3,2.44,171
REQ-02058,2026-02-10 00:00:00,Payment Service,Production,Mumbai,POST,200,318.4,2.4,493
REQ-02059,2026-03-05 23:54:00,Notification Service,Production,Pune,POST,401,217.7,0.46,461
REQ-02060,2026-03-19 01:50:00,User Service,Production,Pune,GET,500,417.1,2.48,448
REQ-02061,2026-05-01 05:55:00,User Service,Production,Pune,POST,200,223.1,0.27,259
REQ-02062,2026-04-19 08:07:00,API Gateway,Production,Bangalore,PUT,400,212.8,2.37,271
REQ-02063,2026-02-08 06:42:00,User Service,Production,Pune,PUT,404,165.2,0.8,451
REQ-02064,2026-01-21 05:04:00,Auth Service,Production,Pune,GET,200,132.9,2.93,436
REQ-02065,2026-01-15 11:08:00,API Gateway,Production,Hyderabad,GET,200,145.9,0.22,167
REQ-02066,2026-01-07 20:09:00,Auth Service,Production,Mumbai,POST,200,158.0,2.73,72
REQ-02067,2026-04-17 03:25:00,Payment Service,Production,Mumbai,GET,200,446.6,1.54,148
REQ-02068,2026-06-16 16:10:00,Auth Service,Production,Mumbai,POST,200,134.7,0.94,175
REQ-02069,2026-06-10 19:42:00,Payment Service,Production,Mumbai,GET,201,367.5,0.79,85
REQ-02070,2026-04-02 10:52:00,User Service,Production,Mumbai,POST,201,118.3,2.26,14
REQ-02071,2026-03-06 23:14:00,Notification Service,Staging,Bangalore,POST,500,538.2,2.57,327
REQ-02072,2026-03-27 16:49:00,Payment Service,Production,Bangalore,GET,429,250.9,1.38,380
REQ-02073,2026-05-23 18:37:00,Auth Service,Production,Pune,GET,201,143.7,1.59,441
REQ-02074,2026-02-16 22:01:00,Notification Service,Production,Mumbai,GET,502,512.4,2.09,354
REQ-02075,2026-01-25 18:42:00,Notification Service,Staging,Pune,DELETE,200,283.5,1.27,416
REQ-02076,2026-01-18 18:23:00,API Gateway,Production,Pune,GET,502,282.1,2.93,455
REQ-02077,2026-06-14 07:20:00,Payment Service,Production,Pune,GET,200,366.1,1.16,198
REQ-02078,2026-04-03 10:06:00,Auth Service,Staging,Mumbai,POST,200,87.0,2.14,35
REQ-02079,2026-05-27 01:39:00,Auth Service,Production,Pune,POST,503,124.6,3.86,80
REQ-02080,2026-01-07 17:45:00,Payment Service,Staging,Bangalore,POST,201,411.8,3.57,88
REQ-02081,2026-02-11 22:24:00,Auth Service,Production,Hyderabad,GET,201,109.5,0.29,180
REQ-02082,2026-06-20 05:44:00,Payment Service,Production,Hyderabad,GET,429,204.5,2.43,297
REQ-02083,2026-04-11 14:16:00,Payment Service,Production,Pune,GET,500,401.7,1.64,292
REQ-02084,2026-06-04 08:21:00,User Service,Production,Bangalore,POST,200,104.3,3.62,92
REQ-02085,2026-06-26 16:52:00,Payment Service,Production,Hyderabad,GET,201,413.5,1.37,55
REQ-02086,2026-05-24 10:04:00,API Gateway,Staging,Pune,POST,200,194.0,0.76,441
REQ-02087,2026-02-09 00:35:00,Payment Service,Production,Hyderabad,GET,200,355.0,2.55,130
REQ-02088,2026-01-13 08:41:00,User Service,Production,Mumbai,POST,200,274.6,3.16,204
REQ-02089,2026-01-06 05:46:00,User Service,Production,Hyderabad,GET,200,232.2,3.55,369
REQ-02090,2026-01-06 18:36:00,API Gateway,Production,Bangalore,GET,200,161.0,2.65,242
REQ-02091,2026-01-29 01:51:00,API Gateway,Production,Hyderabad,POST,200,125.2,2.7,65
REQ-02092,2026-04-22 13:16:00,Notification Service,Production,Mumbai,GET,200,210.3,2.47,106
REQ-02093,2026-05-28 14:13:00,Auth Service,Production,Bangalore,POST,201,84.8,3.67,355
REQ-02094,2026-04-14 10:16:00,Notification Service,Production,Mumbai,POST,200,250.7,3.4,36
REQ-02095,2026-01-19 15:45:00,API Gateway,Production,Hyderabad,POST,201,174.5,2.35,285
REQ-02096,2026-06-09 18:19:00,Auth Service,Staging,Mumbai,GET,201,195.2,3.13,298
REQ-02097,2026-05-05 17:18:00,User Service,Production,Mumbai,POST,200,196.7,0.81,230
REQ-02098,2026-03-23 21:57:00,Payment Service,Production,Bangalore,GET,200,428.9,1.05,162
REQ-02099,2026-02-10 06:39:00,API Gateway,Production,Mumbai,POST,401,263.7,3.23,48
REQ-02100,2026-03-04 21:37:00,Payment Service,Production,Pune,GET,200,306.8,0.9,107
REQ-02101,2026-06-04 14:58:00,API Gateway,Production,Bangalore,GET,503,368.0,0.39,107
REQ-02102,2026-05-06 23:13:00,Payment Service,Production,Mumbai,POST,201,239.9,3.44,76
REQ-02103,2026-06-14 07:26:00,User Service,Production,Bangalore,GET,200,157.5,0.75,28
REQ-02104,2026-06-20 14:09:00,Notification Service,Production,Mumbai,POST,201,242.1,2.01,393
REQ-02105,2026-04-01 23:08:00,User Service,Staging,Hyderabad,POST,200,221.9,3.63,229
REQ-02106,2026-03-02 08:43:00,Payment Service,Production,Hyderabad,POST,200,205.9,2.87,305
REQ-02107,2026-03-07 00:21:00,API Gateway,Production,Hyderabad,POST,429,195.4,0.22,52
REQ-02108,2026-01-25 15:10:00,Payment Service,Production,Pune,POST,201,331.2,3.5,41
REQ-02109,2026-03-03 07:04:00,Payment Service,Production,Mumbai,PUT,200,263.2,3.32,28
REQ-02110,2026-03-17 14:38:00,Payment Service,Staging,Hyderabad,PUT,400,231.0,2.17,337
REQ-02111,2026-03-12 21:54:00,Auth Service,Production,Bangalore,POST,200,174.7,0.23,379
REQ-02112,2026-06-12 10:06:00,Auth Service,Production,Hyderabad,DELETE,200,160.3,1.63,319
REQ-02113,2026-04-23 17:52:00,Payment Service,Production,Bangalore,PUT,401,326.6,0.16,363
REQ-02114,2026-05-05 01:05:00,Payment Service,Production,Pune,GET,201,267.5,2.71,191
REQ-02115,2026-01-18 03:55:00,Notification Service,Production,Hyderabad,DELETE,404,356.6,2.28,282
REQ-02116,2026-03-07 07:02:00,API Gateway,Production,Pune,POST,201,202.1,1.46,148
REQ-02117,2026-03-16 19:54:00,Payment Service,Production,Mumbai,GET,201,414.3,1.85,274
REQ-02118,2026-01-12 01:21:00,User Service,Production,Mumbai,PUT,503,361.5,2.33,420
REQ-02119,2026-03-27 10:31:00,Notification Service,Production,Hyderabad,GET,200,205.2,3.83,246
REQ-02120,2026-05-17 00:34:00,User Service,Production,Hyderabad,PUT,200,211.3,2.08,136
REQ-02121,2026-05-20 08:58:00,Notification Service,Production,Mumbai,GET,200,216.5,0.26,98
REQ-02122,2026-05-04 04:07:00,Payment Service,Production,Mumbai,POST,200,230.1,0.64,406
REQ-02123,2026-01-17 01:07:00,Payment Service,Staging,Pune,GET,502,642.3,1.46,239
REQ-02124,2026-06-23 16:25:00,API Gateway,Staging,Bangalore,GET,400,154.3,3.43,291
REQ-02125,2026-06-22 19:50:00,Payment Service,Production,Bangalore,POST,200,492.4,3.33,236
REQ-02126,2026-01-06 08:59:00,Payment Service,Production,Bangalore,DELETE,200,317.7,0.34,70
REQ-02127,2026-06-23 23:27:00,Payment Service,Production,Hyderabad,POST,201,125.4,1.48,186
REQ-02128,2026-05-11 12:17:00,Notification Service,Production,Pune,GET,200,244.8,0.92,495
REQ-02129,2026-02-27 01:20:00,API Gateway,Production,Hyderabad,PUT,500,304.6,2.75,161
REQ-02130,2026-06-17 20:45:00,API Gateway,Production,Pune,GET,200,186.0,3.74,308
REQ-02131,2026-05-07 21:30:00,Notification Service,Production,Pune,POST,429,186.2,1.51,4
REQ-02132,2026-04-11 21:11:00,Notification Service,Production,Mumbai,POST,200,268.2,0.18,182
REQ-02133,2026-04-04 01:04:00,Auth Service,Production,Hyderabad,GET,500,248.0,3.35,77
REQ-02134,2026-05-22 23:42:00,API Gateway,Production,Pune,DELETE,200,234.6,2.39,69
REQ-02135,2026-03-12 19:18:00,API Gateway,Production,Mumbai,PUT,404,213.1,2.15,108
REQ-02136,2026-06-09 04:33:00,Payment Service,Production,Mumbai,POST,200,231.8,1.8,317
REQ-02137,2026-04-12 11:44:00,API Gateway,Production,Hyderabad,GET,503,276.4,3.27,223
REQ-02138,2026-06-04 15:39:00,Payment Service,Staging,Pune,GET,503,634.2,0.28,62
REQ-02139,2026-06-01 07:52:00,User Service,Production,Mumbai,PUT,401,273.0,1.89,457
REQ-02140,2026-03-11 21:29:00,API Gateway,Production,Mumbai,GET,502,274.6,2.15,485
REQ-02141,2026-04-02 01:48:00,API Gateway,Staging,Hyderabad,POST,503,164.3,1.0,42
REQ-02142,2026-05-20 05:16:00,API Gateway,Production,Bangalore,GET,500,306.0,2.5,350
REQ-02143,2026-03-15 18:10:00,API Gateway,Production,Hyderabad,GET,200,167.3,3.62,73
REQ-02144,2026-01-01 02:26:00,Auth Service,Production,Bangalore,GET,200,112.5,0.57,296
REQ-02145,2026-05-29 10:36:00,API Gateway,Production,Bangalore,GET,503,387.9,3.25,191
REQ-02146,2026-02-22 05:24:00,API Gateway,Production,Bangalore,DELETE,201,152.8,2.82,150
REQ-02147,2026-05-30 05:28:00,Auth Service,Staging,Hyderabad,POST,200,134.1,2.96,177
REQ-02148,2026-03-28 13:08:00,Auth Service,Production,Bangalore,GET,200,101.8,1.58,40
REQ-02149,2026-01-21 09:10:00,Auth Service,Production,Mumbai,POST,200,151.4,2.57,147
REQ-02150,2026-04-07 03:29:00,Notification Service,Production,Hyderabad,GET,502,466.0,3.12,327
REQ-02151,2026-01-20 07:22:00,Payment Service,Staging,Bangalore,GET,503,348.6,3.07,128
REQ-02152,2026-01-14 20:21:00,Notification Service,Production,Pune,GET,400,135.6,3.74,459
REQ-02153,2026-01-29 21:27:00,API Gateway,Production,Mumbai,GET,200,164.5,1.88,314
REQ-02154,2026-04-04 21:50:00,Auth Service,Production,Pune,PUT,200,59.8,3.56,461
REQ-02155,2026-03-31 03:39:00,API Gateway,Production,Mumbai,POST,201,201.6,2.99,58
REQ-02156,2026-04-04 08:00:00,User Service,Production,Bangalore,POST,200,217.2,1.03,178
REQ-02157,2026-06-07 02:01:00,Notification Service,Production,Pune,DELETE,200,194.4,2.43,14
REQ-02158,2026-03-19 18:12:00,API Gateway,Production,Bangalore,PUT,201,135.9,1.65,40
REQ-02159,2026-05-10 22:55:00,Notification Service,Production,Pune,POST,401,280.1,1.32,30
REQ-02160,2026-01-26 04:54:00,Payment Service,Production,Mumbai,POST,201,472.1,3.55,255
REQ-02161,2026-06-02 04:09:00,Payment Service,Production,Bangalore,GET,200,387.3,2.56,203
REQ-02162,2026-06-14 06:09:00,Payment Service,Production,Pune,PUT,500,255.9,0.79,487
REQ-02163,2026-06-03 16:06:00,Payment Service,Staging,Bangalore,POST,200,295.5,1.55,302
REQ-02164,2026-04-05 06:07:00,Payment Service,Production,Pune,POST,404,75.4,1.8,441
REQ-02165,2026-03-14 22:35:00,Auth Service,Production,Bangalore,POST,200,22.7,2.23,2
REQ-02166,2026-04-14 17:49:00,User Service,Staging,Mumbai,POST,200,150.4,1.13,407
REQ-02167,2026-02-20 00:31:00,User Service,Production,Pune,GET,200,187.0,3.33,94
REQ-02168,2026-01-19 13:30:00,API Gateway,Production,Mumbai,GET,429,66.0,2.9,44
REQ-02169,2026-03-29 16:43:00,Payment Service,Production,Bangalore,POST,200,319.0,0.67,189
REQ-02170,2026-01-27 16:58:00,Payment Service,Production,Pune,PUT,200,480.0,2.24,56
REQ-02171,2026-03-02 10:08:00,User Service,Production,Hyderabad,GET,200,250.9,1.13,30
REQ-02172,2026-05-22 02:38:00,API Gateway,Production,Pune,POST,200,254.2,2.8,325
REQ-02173,2026-04-10 10:06:00,Auth Service,Production,Mumbai,POST,200,111.2,2.6,359
REQ-02174,2026-04-13 04:51:00,Payment Service,Production,Mumbai,GET,200,494.0,1.19,128
REQ-02175,2026-06-09 03:27:00,User Service,Staging,Pune,GET,201,123.4,0.39,221
REQ-02176,2026-05-06 02:41:00,API Gateway,Production,Mumbai,GET,200,197.7,1.37,388
REQ-02177,2026-06-22 12:22:00,User Service,Production,Pune,GET,201,162.6,2.91,86
REQ-02178,2026-04-25 07:19:00,API Gateway,Production,Mumbai,GET,200,163.2,3.21,263
REQ-02179,2026-01-16 23:27:00,User Service,Production,Bangalore,GET,200,180.6,3.93,130
REQ-02180,2026-02-18 19:28:00,Payment Service,Staging,Mumbai,DELETE,200,328.1,1.85,354
REQ-02181,2026-06-02 11:11:00,Payment Service,Production,Hyderabad,GET,200,300.0,0.73,475
REQ-02182,2026-05-15 11:34:00,API Gateway,Production,Mumbai,GET,502,394.6,2.61,402
REQ-02183,2026-05-09 09:45:00,API Gateway,Production,Mumbai,DELETE,500,229.2,1.19,71
REQ-02184,2026-03-09 05:26:00,Notification Service,Production,Bangalore,GET,201,330.0,3.24,96
REQ-02185,2026-04-21 20:34:00,User Service,Production,Bangalore,GET,503,668.4,0.52,400
REQ-02186,2026-04-25 23:43:00,Payment Service,Production,Mumbai,GET,200,305.9,2.16,479
REQ-02187,2026-06-14 17:43:00,User Service,Production,Mumbai,GET,201,211.7,1.91,168
REQ-02188,2026-02-20 07:34:00,Auth Service,Staging,Bangalore,GET,200,227.8,0.5,174
REQ-02189,2026-03-18 16:15:00,Auth Service,Staging,Hyderabad,GET,200,138.7,3.01,3
REQ-02190,2026-02-26 11:44:00,Notification Service,Production,Mumbai,GET,200,242.0,1.87,182
REQ-02191,2026-05-15 18:40:00,Notification Service,Production,Bangalore,POST,502,433.0,3.3,17
REQ-02192,2026-04-23 23:13:00,User Service,Production,Bangalore,POST,429,107.9,2.07,44
REQ-02193,2026-04-26 22:03:00,API Gateway,Production,Pune,POST,500,211.1,1.69,235
REQ-02194,2026-03-20 07:40:00,API Gateway,Production,Pune,POST,200,127.5,1.7,290
REQ-02195,2026-01-11 17:10:00,API Gateway,Staging,Pune,POST,201,205.1,2.88,60
REQ-02196,2026-04-24 16:16:00,Payment Service,Production,Hyderabad,GET,400,344.6,3.42,313
REQ-02197,2026-02-24 01:18:00,Auth Service,Staging,Mumbai,POST,200,152.7,2.52,133
REQ-02198,2026-03-04 03:08:00,API Gateway,Production,Hyderabad,GET,200,253.6,1.63,127
REQ-02199,2026-06-10 03:24:00,Notification Service,Production,Bangalore,POST,200,180.8,2.85,490
REQ-02200,2026-03-10 23:32:00,Notification Service,Production,Hyderabad,POST,201,221.0,3.61,375
REQ-02201,2026-01-06 01:44:00,User Service,Production,Hyderabad,GET,502,276.9,0.48,402
REQ-02202,2026-02-26 23:51:00,Notification Service,Production,Pune,GET,201,261.4,2.96,190
REQ-02203,2026-03-01 07:00:00,Auth Service,Production,Mumbai,GET,400,60.9,3.45,474
REQ-02204,2026-03-14 05:28:00,Payment Service,Production,Mumbai,PUT,500,488.8,3.13,439
REQ-02205,2026-03-20 20:50:00,User Service,Production,Mumbai,POST,200,187.1,3.95,11
REQ-02206,2026-05-27 09:48:00,Payment Service,Production,Mumbai,GET,200,320.5,2.89,67
REQ-02207,2026-02-15 11:56:00,Auth Service,Staging,Mumbai,GET,201,143.6,1.13,409
REQ-02208,2026-01-16 17:15:00,Notification Service,Production,Hyderabad,POST,401,222.0,2.04,480
REQ-02209,2026-02-27 13:28:00,Payment Service,Production,Hyderabad,PUT,200,289.4,0.9,293
REQ-02210,2026-06-19 22:54:00,Auth Service,Staging,Hyderabad,GET,200,138.8,3.52,27
REQ-02211,2026-05-17 09:19:00,API Gateway,Production,Mumbai,GET,429,229.5,2.87,398
REQ-02212,2026-02-27 04:21:00,Notification Service,Staging,Bangalore,PUT,200,182.7,0.48,217
REQ-02213,2026-03-24 17:04:00,API Gateway,Production,Hyderabad,GET,500,314.3,2.87,287
REQ-02214,2026-03-06 12:36:00,API Gateway,Production,Pune,PUT,201,185.3,0.94,427
REQ-02215,2026-06-02 21:48:00,Notification Service,Staging,Bangalore,DELETE,200,196.4,0.71,103
REQ-02216,2026-02-27 18:24:00,User Service,Production,Mumbai,GET,404,135.3,3.52,486
REQ-02217,2026-03-22 20:35:00,Payment Service,Production,Pune,GET,503,552.7,1.59,135
REQ-02218,2026-03-05 02:28:00,Auth Service,Production,Mumbai,GET,503,300.8,0.87,135
REQ-02219,2026-06-18 03:10:00,API Gateway,Production,Bangalore,GET,500,77.9,2.47,156
REQ-02220,2026-02-22 18:55:00,Auth Service,Staging,Bangalore,GET,200,94.6,2.11,294
REQ-02221,2026-03-17 06:47:00,Payment Service,Production,Pune,POST,200,293.6,2.67,407
REQ-02222,2026-02-12 00:59:00,User Service,Production,Hyderabad,POST,200,142.6,3.17,178
REQ-02223,2026-01-22 02:13:00,API Gateway,Production,Hyderabad,POST,200,227.5,1.25,453
REQ-02224,2026-02-05 21:01:00,Auth Service,Production,Mumbai,GET,200,177.4,2.55,443
REQ-02225,2026-06-09 03:59:00,User Service,Production,Hyderabad,GET,404,229.1,0.18,414
REQ-02226,2026-03-15 16:06:00,Auth Service,Production,Mumbai,GET,429,152.3,2.5,244
REQ-02227,2026-05-08 22:12:00,Payment Service,Production,Mumbai,GET,429,366.1,2.31,122
REQ-02228,2026-04-21 14:26:00,API Gateway,Production,Hyderabad,PUT,200,101.7,0.78,417
REQ-02229,2026-04-05 06:52:00,Payment Service,Production,Bangalore,GET,500,420.1,3.11,175
REQ-02230,2026-06-05 23:22:00,Notification Service,Production,Pune,POST,200,238.6,2.36,78
REQ-02231,2026-03-21 18:49:00,API Gateway,Production,Mumbai,POST,400,93.4,3.41,478
REQ-02232,2026-03-15 05:04:00,Payment Service,Production,Bangalore,GET,400,236.3,2.89,118
REQ-02233,2026-02-04 12:19:00,API Gateway,Production,Hyderabad,GET,200,119.0,3.69,395
REQ-02234,2026-05-06 10:45:00,API Gateway,Production,Hyderabad,POST,201,215.1,3.46,210
REQ-02235,2026-06-17 19:25:00,Notification Service,Production,Hyderabad,POST,200,98.7,0.99,86
REQ-02236,2026-03-17 20:54:00,Payment Service,Staging,Pune,GET,200,282.3,2.04,22
REQ-02237,2026-05-21 22:11:00,Notification Service,Staging,Mumbai,GET,201,289.7,2.11,5
REQ-02238,2026-02-21 06:03:00,API Gateway,Production,Pune,GET,503,286.9,0.85,253
REQ-02239,2026-03-18 05:28:00,API Gateway,Production,Bangalore,POST,200,215.2,0.84,336
REQ-02240,2026-06-21 13:47:00,Auth Service,Production,Pune,GET,201,169.4,2.5,156
REQ-02241,2026-01-18 05:11:00,Payment Service,Production,Bangalore,GET,502,619.0,0.32,252
REQ-02242,2026-01-26 03:09:00,Notification Service,Production,Mumbai,GET,200,259.2,1.77,277
REQ-02243,2026-02-27 01:36:00,Payment Service,Staging,Pune,GET,200,324.4,2.8,178
REQ-02244,2026-03-20 18:35:00,Payment Service,Production,Bangalore,POST,502,395.1,2.67,147
REQ-02245,2026-02-15 20:24:00,User Service,Staging,Pune,PUT,200,202.6,1.58,162
REQ-02246,2026-01-30 21:06:00,API Gateway,Production,Hyderabad,POST,200,152.8,3.86,325
REQ-02247,2026-01-17 16:02:00,Payment Service,Production,Bangalore,POST,200,428.9,3.24,13
REQ-02248,2026-04-13 04:42:00,API Gateway,Staging,Hyderabad,GET,503,496.8,3.55,113
REQ-02249,2026-01-22 11:32:00,Auth Service,Production,Mumbai,GET,502,110.2,3.82,92
REQ-02250,2026-05-16 10:28:00,Auth Service,Production,Mumbai,POST,200,104.0,2.2,407
REQ-02251,2026-06-20 00:38:00,Payment Service,Production,Hyderabad,POST,200,443.1,0.63,244
REQ-02252,2026-03-15 01:02:00,API Gateway,Production,Mumbai,POST,200,165.8,0.23,111
REQ-02253,2026-01-18 20:40:00,Notification Service,Production,Mumbai,GET,200,370.2,0.84,352
REQ-02254,2026-01-20 20:17:00,Payment Service,Production,Bangalore,POST,200,350.6,3.52,392
REQ-02255,2026-01-27 10:17:00,Auth Service,Staging,Bangalore,POST,502,169.6,0.19,94
REQ-02256,2026-05-03 17:52:00,Auth Service,Staging,Mumbai,POST,503,227.3,1.15,83
REQ-02257,2026-01-04 16:25:00,Notification Service,Production,Pune,POST,400,241.6,2.54,164
REQ-02258,2026-02-04 15:55:00,Auth Service,Production,Hyderabad,DELETE,200,178.8,1.91,388
REQ-02259,2026-06-23 11:03:00,User Service,Production,Hyderabad,DELETE,400,269.8,3.67,363
REQ-02260,2026-02-16 03:01:00,Auth Service,Staging,Mumbai,PUT,502,290.5,3.31,55
REQ-02261,2026-06-14 03:51:00,API Gateway,Production,Pune,GET,400,170.9,1.05,442
REQ-02262,2026-05-06 23:30:00,API Gateway,Production,Mumbai,POST,502,436.4,2.63,385
REQ-02263,2026-03-01 03:44:00,User Service,Production,Pune,GET,502,146.8,2.05,233
REQ-02264,2026-04-04 14:29:00,API Gateway,Staging,Mumbai,GET,200,251.8,1.55,320
REQ-02265,2026-06-17 05:24:00,Notification Service,Production,Hyderabad,GET,201,225.7,1.99,408
REQ-02266,2026-05-18 11:36:00,Auth Service,Production,Pune,GET,200,105.6,0.26,316
REQ-02267,2026-04-17 01:21:00,Payment Service,Production,Mumbai,PUT,200,251.6,0.64,446
REQ-02268,2026-06-28 21:03:00,Notification Service,Staging,Bangalore,PUT,200,128.7,2.92,105
REQ-02269,2026-03-23 01:11:00,Notification Service,Production,Mumbai,GET,503,454.0,2.48,133
REQ-02270,2026-05-19 20:33:00,Payment Service,Production,Pune,POST,429,444.4,1.53,455
REQ-02271,2026-01-15 01:44:00,Notification Service,Production,Hyderabad,PUT,500,420.8,2.04,173
REQ-02272,2026-03-06 09:00:00,Payment Service,Production,Pune,POST,401,299.8,2.96,397
REQ-02273,2026-06-24 15:00:00,Payment Service,Production,Mumbai,PUT,200,258.7,2.83,166
REQ-02274,2026-03-02 13:09:00,User Service,Production,Pune,POST,404,102.7,1.81,404
REQ-02275,2026-01-27 08:44:00,Payment Service,Staging,Hyderabad,POST,200,412.1,2.31,252
REQ-02276,2026-06-16 10:45:00,User Service,Production,Bangalore,GET,429,145.3,3.52,310
REQ-02277,2026-06-13 16:58:00,API Gateway,Production,Bangalore,POST,200,149.1,1.81,421
REQ-02278,2026-02-25 19:10:00,Payment Service,Production,Bangalore,POST,200,289.6,2.29,89
REQ-02279,2026-01-19 17:58:00,User Service,Production,Pune,POST,400,266.9,1.48,425
REQ-02280,2026-04-22 03:14:00,User Service,Production,Mumbai,POST,200,202.6,1.2,50
REQ-02281,2026-02-16 02:43:00,API Gateway,Production,Pune,GET,201,124.2,1.45,107
REQ-02282,2026-03-24 15:44:00,Payment Service,Production,Mumbai,GET,200,427.6,2.0,306
REQ-02283,2026-06-18 02:36:00,User Service,Production,Pune,GET,429,170.8,2.79,387
REQ-02284,2026-02-01 11:11:00,API Gateway,Staging,Pune,GET,200,150.3,2.41,457
REQ-02285,2026-04-20 12:46:00,API Gateway,Production,Bangalore,GET,200,228.9,0.89,59
REQ-02286,2026-01-25 21:28:00,Notification Service,Staging,Pune,PUT,401,160.9,0.49,445
REQ-02287,2026-05-04 11:37:00,Auth Service,Production,Mumbai,GET,404,109.3,1.94,237
REQ-02288,2026-06-06 08:42:00,Payment Service,Staging,Pune,POST,200,171.0,0.71,70
REQ-02289,2026-03-12 22:28:00,User Service,Production,Bangalore,GET,200,214.3,2.91,202
REQ-02290,2026-05-31 16:19:00,Auth Service,Production,Pune,GET,200,112.5,1.68,35
REQ-02291,2026-03-28 17:18:00,Payment Service,Production,Hyderabad,POST,200,325.7,3.35,286
REQ-02292,2026-04-19 00:41:00,API Gateway,Production,Hyderabad,PUT,503,205.2,2.17,219
REQ-02293,2026-03-23 10:13:00,API Gateway,Production,Hyderabad,GET,200,230.1,1.52,17
REQ-02294,2026-02-24 09:46:00,Payment Service,Staging,Hyderabad,GET,200,327.9,2.64,469
REQ-02295,2026-05-04 14:35:00,Auth Service,Production,Mumbai,GET,429,92.1,1.3,326
REQ-02296,2026-06-21 23:27:00,API Gateway,Production,Mumbai,GET,200,139.3,2.24,294
REQ-02297,2026-04-18 00:23:00,Auth Service,Production,Hyderabad,PUT,503,255.4,3.09,411
REQ-02298,2026-04-17 06:15:00,Notification Service,Production,Hyderabad,POST,404,237.6,1.8,40
REQ-02299,2026-04-19 02:33:00,API Gateway,Production,Mumbai,POST,200,276.6,0.71,205
REQ-02300,2026-02-01 21:52:00,API Gateway,Production,Mumbai,POST,201,159.3,0.25,165
REQ-02301,2026-05-13 13:01:00,User Service,Production,Hyderabad,GET,401,319.5,3.96,346
REQ-02302,2026-03-09 06:38:00,Payment Service,Production,Hyderabad,POST,400,416.8,0.49,195
REQ-02303,2026-01-05 20:57:00,Payment Service,Production,Bangalore,POST,200,376.4,0.74,245
REQ-02304,2026-02-20 14:12:00,API Gateway,Production,Bangalore,GET,200,146.1,1.31,244
REQ-02305,2026-02-04 10:17:00,Payment Service,Production,Bangalore,GET,200,230.6,0.3,99
REQ-02306,2026-06-06 00:12:00,User Service,Production,Hyderabad,POST,200,236.9,0.43,217
REQ-02307,2026-02-09 17:39:00,Payment Service,Production,Pune,GET,404,277.0,2.43,152
REQ-02308,2026-02-22 00:11:00,API Gateway,Production,Pune,GET,200,152.5,2.93,277
REQ-02309,2026-02-05 08:49:00,User Service,Production,Hyderabad,GET,200,247.4,2.47,380
REQ-02310,2026-01-27 23:45:00,User Service,Production,Pune,POST,200,392.8,3.67,372
REQ-02311,2026-03-28 02:18:00,Notification Service,Production,Pune,POST,200,296.7,2.69,382
REQ-02312,2026-03-02 21:59:00,Notification Service,Production,Bangalore,DELETE,200,228.4,1.38,186
REQ-02313,2026-05-06 20:11:00,Notification Service,Staging,Mumbai,GET,200,287.5,1.05,338
REQ-02314,2026-04-26 17:35:00,User Service,Production,Pune,GET,200,196.2,3.9,203
REQ-02315,2026-01-24 23:27:00,Payment Service,Staging,Pune,POST,200,487.1,2.2,258
REQ-02316,2026-01-08 15:56:00,API Gateway,Production,Pune,POST,200,165.3,3.99,274
REQ-02317,2026-05-19 03:24:00,Auth Service,Production,Hyderabad,GET,200,111.0,0.61,351
REQ-02318,2026-03-27 09:10:00,Auth Service,Production,Mumbai,GET,401,141.7,1.68,212
REQ-02319,2026-02-11 07:09:00,API Gateway,Staging,Pune,PUT,400,180.0,3.31,203
REQ-02320,2026-03-14 12:25:00,User Service,Production,Mumbai,POST,200,115.7,3.41,118
REQ-02321,2026-05-26 17:07:00,Payment Service,Production,Bangalore,POST,500,741.3,0.27,470
REQ-02322,2026-04-11 01:04:00,Payment Service,Production,Bangalore,PUT,200,415.2,3.29,443
REQ-02323,2026-06-25 23:03:00,Auth Service,Production,Mumbai,GET,200,131.9,2.74,199
REQ-02324,2026-05-24 13:25:00,Payment Service,Staging,Mumbai,POST,500,435.1,0.45,150
REQ-02325,2026-06-05 01:38:00,Notification Service,Production,Bangalore,GET,201,274.5,1.56,41
REQ-02326,2026-01-11 12:31:00,Notification Service,Production,Hyderabad,PUT,404,234.5,2.15,88
REQ-02327,2026-05-12 06:20:00,Payment Service,Production,Mumbai,GET,201,556.6,1.35,162
REQ-02328,2026-06-29 12:32:00,API Gateway,Production,Pune,GET,429,183.1,1.59,396
REQ-02329,2026-02-08 11:07:00,API Gateway,Production,Hyderabad,GET,200,197.1,0.15,291
REQ-02330,2026-03-26 22:35:00,Auth Service,Production,Pune,POST,200,205.7,1.61,112
REQ-02331,2026-03-15 15:32:00,Payment Service,Production,Bangalore,GET,200,451.1,2.46,370
REQ-02332,2026-03-26 19:40:00,User Service,Production,Bangalore,DELETE,201,107.1,2.22,450
REQ-02333,2026-01-24 15:10:00,User Service,Production,Mumbai,GET,200,70.0,0.93,486
REQ-02334,2026-06-22 06:53:00,User Service,Production,Pune,GET,502,81.6,1.31,334
REQ-02335,2026-04-14 14:26:00,User Service,Production,Pune,POST,200,219.3,1.59,356
REQ-02336,2026-02-24 08:03:00,Payment Service,Production,Bangalore,PUT,200,511.8,3.4,64
REQ-02337,2026-04-26 08:53:00,User Service,Production,Hyderabad,POST,401,194.7,2.44,432
REQ-02338,2026-03-20 16:38:00,API Gateway,Production,Bangalore,POST,502,186.2,1.38,394
REQ-02339,2026-03-04 06:40:00,API Gateway,Production,Bangalore,POST,404,232.7,3.87,86
REQ-02340,2026-04-04 13:30:00,User Service,Production,Pune,PUT,429,135.1,1.21,302
REQ-02341,2026-06-06 14:26:00,API Gateway,Production,Hyderabad,GET,401,174.8,0.1,495
REQ-02342,2026-02-20 15:40:00,Notification Service,Production,Hyderabad,GET,404,170.0,1.11,130
REQ-02343,2026-01-11 07:44:00,Auth Service,Production,Bangalore,GET,500,233.5,3.58,287
REQ-02344,2026-01-15 08:21:00,User Service,Production,Mumbai,PUT,200,149.3,0.4,403
REQ-02345,2026-05-12 15:23:00,Payment Service,Staging,Pune,POST,200,342.4,3.02,275
REQ-02346,2026-02-03 17:46:00,User Service,Production,Mumbai,GET,200,201.3,2.06,359
REQ-02347,2026-04-12 02:37:00,Notification Service,Staging,Bangalore,GET,201,250.0,2.6,389
REQ-02348,2026-06-18 23:36:00,Payment Service,Staging,Mumbai,DELETE,404,390.6,0.2,83
REQ-02349,2026-05-10 15:26:00,API Gateway,Production,Mumbai,DELETE,200,205.9,2.49,292
REQ-02350,2026-03-27 11:26:00,Notification Service,Production,Mumbai,POST,201,203.7,2.67,344
REQ-02351,2026-05-01 16:44:00,API Gateway,Production,Mumbai,POST,200,218.7,0.27,145
REQ-02352,2026-01-31 02:02:00,Auth Service,Production,Hyderabad,POST,429,126.8,1.32,77
REQ-02353,2026-04-11 15:22:00,API Gateway,Production,Bangalore,GET,404,205.4,0.21,219
REQ-02354,2026-04-03 04:57:00,Payment Service,Production,Hyderabad,DELETE,429,362.7,1.79,66
REQ-02355,2026-03-27 07:07:00,User Service,Staging,Pune,GET,401,311.5,1.18,435
REQ-02356,2026-02-03 20:57:00,API Gateway,Production,Bangalore,PUT,200,216.6,3.94,152
REQ-02357,2026-01-03 11:33:00,API Gateway,Production,Hyderabad,PUT,429,202.0,1.76,100
REQ-02358,2026-01-31 11:38:00,API Gateway,Staging,Hyderabad,DELETE,200,185.8,1.19,448
REQ-02359,2026-01-09 06:11:00,Notification Service,Staging,Bangalore,GET,400,354.9,2.13,188
REQ-02360,2026-06-23 12:12:00,User Service,Production,Pune,PUT,401,260.6,0.26,430
REQ-02361,2026-03-16 06:07:00,Notification Service,Production,Pune,POST,200,261.6,2.28,157
REQ-02362,2026-03-03 13:40:00,API Gateway,Production,Bangalore,GET,200,230.2,1.86,449
REQ-02363,2026-06-18 11:11:00,User Service,Production,Hyderabad,DELETE,200,112.9,2.95,296
REQ-02364,2026-04-24 21:11:00,Payment Service,Production,Hyderabad,GET,201,273.3,0.19,162
REQ-02365,2026-04-16 11:58:00,User Service,Production,Bangalore,PUT,200,180.5,1.48,71
REQ-02366,2026-05-22 11:53:00,User Service,Production,Pune,DELETE,200,195.6,0.46,74
REQ-02367,2026-01-30 13:45:00,Payment Service,Production,Hyderabad,GET,200,153.9,3.07,318
REQ-02368,2026-04-27 20:38:00,User Service,Production,Mumbai,POST,200,233.1,0.15,163
REQ-02369,2026-04-17 16:56:00,User Service,Production,Pune,GET,429,112.4,2.98,230
REQ-02370,2026-06-02 07:00:00,Payment Service,Production,Bangalore,POST,201,328.0,3.98,151
REQ-02371,2026-05-11 00:25:00,API Gateway,Production,Bangalore,PUT,400,245.4,2.27,184
REQ-02372,2026-01-10 05:32:00,Payment Service,Production,Bangalore,PUT,401,249.0,3.07,147
REQ-02373,2026-01-25 08:19:00,Notification Service,Production,Hyderabad,DELETE,502,290.5,0.32,292
REQ-02374,2026-04-03 03:54:00,Payment Service,Staging,Hyderabad,GET,200,230.2,2.38,348
REQ-02375,2026-03-13 07:17:00,Payment Service,Staging,Mumbai,POST,200,262.4,0.65,319
REQ-02376,2026-06-26 21:40:00,API Gateway,Production,Mumbai,GET,200,181.2,3.68,492
REQ-02377,2026-06-12 21:39:00,Notification Service,Production,Hyderabad,PUT,404,266.4,2.61,499
REQ-02378,2026-05-03 22:11:00,Auth Service,Staging,Hyderabad,GET,200,116.0,1.35,421
REQ-02379,2026-03-11 18:35:00,Auth Service,Production,Bangalore,PUT,400,137.8,2.16,29
REQ-02380,2026-01-08 13:56:00,API Gateway,Production,Hyderabad,PUT,200,126.2,1.62,241
REQ-02381,2026-01-08 21:29:00,User Service,Staging,Hyderabad,POST,200,203.1,0.63,432
REQ-02382,2026-04-16 11:38:00,User Service,Production,Bangalore,GET,401,217.2,3.94,152
REQ-02383,2026-01-18 18:57:00,Payment Service,Production,Hyderabad,POST,200,261.1,3.74,42
REQ-02384,2026-01-08 22:23:00,User Service,Production,Bangalore,GET,200,180.8,2.69,431
REQ-02385,2026-03-12 21:30:00,Payment Service,Production,Mumbai,POST,404,284.0,3.71,381
REQ-02386,2026-03-20 22:15:00,User Service,Production,Hyderabad,PUT,200,337.4,2.47,369
REQ-02387,2026-06-07 10:53:00,Notification Service,Staging,Mumbai,DELETE,503,358.9,2.73,465
REQ-02388,2026-01-06 12:18:00,API Gateway,Staging,Bangalore,POST,502,415.2,0.22,220
REQ-02389,2026-05-23 22:27:00,User Service,Production,Hyderabad,GET,200,261.6,1.43,347
REQ-02390,2026-03-01 14:39:00,Auth Service,Staging,Hyderabad,GET,400,90.5,2.91,46
REQ-02391,2026-05-27 07:14:00,API Gateway,Production,Pune,PUT,503,134.1,3.19,183
REQ-02392,2026-04-09 09:36:00,API Gateway,Production,Pune,GET,429,139.6,1.21,108
REQ-02393,2026-04-07 06:59:00,User Service,Production,Mumbai,GET,503,306.5,1.89,366
REQ-02394,2026-01-14 21:21:00,Auth Service,Production,Hyderabad,POST,200,72.9,1.6,360
REQ-02395,2026-01-25 22:50:00,Auth Service,Production,Pune,GET,200,71.2,0.4,128
REQ-02396,2026-02-28 03:25:00,User Service,Staging,Bangalore,POST,400,193.4,3.72,327
REQ-02397,2026-01-13 15:06:00,Payment Service,Production,Hyderabad,GET,200,359.1,2.51,155
REQ-02398,2026-01-24 00:15:00,Auth Service,Production,Mumbai,POST,200,149.4,2.76,334
REQ-02399,2026-04-05 03:39:00,API Gateway,Production,Bangalore,POST,200,210.8,1.35,250
REQ-02400,2026-02-14 17:18:00,Payment Service,Staging,Bangalore,GET,400,290.5,0.87,203
REQ-02401,2026-01-10 18:20:00,API Gateway,Production,Bangalore,GET,400,288.8,1.07,420
REQ-02402,2026-04-04 01:54:00,Payment Service,Production,Bangalore,GET,502,199.1,1.88,253
REQ-02403,2026-06-19 13:46:00,Auth Service,Production,Bangalore,PUT,201,143.2,1.6,430
REQ-02404,2026-04-21 10:09:00,Payment Service,Production,Mumbai,POST,404,304.9,0.84,456
REQ-02405,2026-05-06 14:42:00,User Service,Staging,Bangalore,GET,503,204.7,3.84,482
REQ-02406,2026-05-26 00:03:00,Payment Service,Production,Pune,GET,404,347.9,1.77,286
REQ-02407,2026-01-30 23:22:00,Notification Service,Production,Mumbai,GET,503,359.9,3.27,227
REQ-02408,2026-04-21 18:35:00,Auth Service,Staging,Mumbai,GET,200,136.0,0.9,74
REQ-02409,2026-01-18 04:12:00,User Service,Production,Pune,POST,503,273.5,3.04,497
REQ-02410,2026-03-16 06:17:00,Notification Service,Staging,Bangalore,POST,502,264.0,0.64,302
REQ-02411,2026-05-20 10:23:00,Notification Service,Production,Mumbai,DELETE,400,251.9,2.68,399
REQ-02412,2026-05-27 21:31:00,User Service,Production,Hyderabad,GET,200,188.7,1.35,266
REQ-02413,2026-02-07 20:44:00,API Gateway,Staging,Hyderabad,GET,200,165.8,0.92,19
REQ-02414,2026-01-28 07:55:00,API Gateway,Staging,Pune,GET,200,166.9,1.01,430
REQ-02415,2026-05-26 15:43:00,Payment Service,Production,Pune,GET,502,430.8,0.81,200
REQ-02416,2026-06-20 16:59:00,Auth Service,Staging,Bangalore,PUT,200,143.0,2.96,349
REQ-02417,2026-06-04 15:36:00,Notification Service,Production,Pune,GET,429,249.5,2.8,382
REQ-02418,2026-06-22 15:03:00,Auth Service,Production,Pune,POST,200,93.0,1.32,146
REQ-02419,2026-03-28 17:48:00,Notification Service,Production,Bangalore,POST,201,262.6,2.36,133
REQ-02420,2026-02-23 19:21:00,User Service,Production,Hyderabad,POST,200,285.6,3.86,244
REQ-02421,2026-01-21 22:26:00,API Gateway,Production,Hyderabad,GET,200,140.2,2.74,372
REQ-02422,2026-01-21 11:09:00,API Gateway,Staging,Mumbai,POST,200,184.3,2.35,465
REQ-02423,2026-05-08 10:37:00,User Service,Production,Bangalore,GET,400,244.8,2.18,283
REQ-02424,2026-01-17 08:33:00,API Gateway,Staging,Bangalore,GET,201,211.4,1.65,353
REQ-02425,2026-01-31 12:33:00,User Service,Production,Bangalore,GET,401,192.1,2.37,265
REQ-02426,2026-01-21 14:41:00,API Gateway,Production,Hyderabad,GET,200,214.5,3.12,293
REQ-02427,2026-04-23 07:54:00,API Gateway,Production,Hyderabad,GET,404,241.2,0.92,245
REQ-02428,2026-02-17 00:16:00,API Gateway,Production,Bangalore,PUT,429,133.4,2.23,321
REQ-02429,2026-01-06 17:35:00,Notification Service,Production,Hyderabad,PUT,200,64.2,3.58,135
REQ-02430,2026-02-21 10:49:00,User Service,Production,Hyderabad,POST,201,224.2,1.47,27
REQ-02431,2026-05-26 19:25:00,User Service,Production,Pune,GET,200,309.9,3.52,379
REQ-02432,2026-04-03 10:49:00,Notification Service,Production,Pune,POST,200,289.4,1.54,445
REQ-02433,2026-06-26 11:47:00,Auth Service,Production,Mumbai,GET,200,160.3,3.11,432
REQ-02434,2026-06-14 05:45:00,User Service,Production,Bangalore,DELETE,500,329.3,0.43,15
REQ-02435,2026-04-19 13:50:00,Payment Service,Production,Pune,GET,200,292.5,1.46,124
REQ-02436,2026-06-10 13:44:00,Payment Service,Production,Hyderabad,GET,400,453.4,3.72,424
REQ-02437,2026-05-28 10:02:00,API Gateway,Production,Pune,GET,200,256.4,2.76,87
REQ-02438,2026-05-17 17:36:00,Notification Service,Production,Hyderabad,POST,500,189.1,2.89,183
REQ-02439,2026-06-27 13:51:00,Notification Service,Production,Mumbai,POST,200,233.1,3.87,319
REQ-02440,2026-02-23 17:14:00,API Gateway,Production,Mumbai,GET,200,226.6,0.27,352
REQ-02441,2026-03-28 08:25:00,Notification Service,Staging,Bangalore,GET,200,273.4,0.71,197
REQ-02442,2026-01-13 21:00:00,API Gateway,Staging,Pune,DELETE,400,136.5,3.28,8
REQ-02443,2026-05-20 19:39:00,Auth Service,Production,Hyderabad,GET,200,211.1,1.39,38
REQ-02444,2026-06-15 18:33:00,Notification Service,Production,Bangalore,DELETE,200,184.2,2.91,296
REQ-02445,2026-04-08 04:37:00,Auth Service,Staging,Bangalore,GET,503,389.4,3.78,378
REQ-02446,2026-01-13 08:02:00,API Gateway,Production,Bangalore,POST,200,222.6,2.99,277
REQ-02447,2026-05-12 23:08:00,Auth Service,Production,Mumbai,POST,502,277.3,2.89,446
REQ-02448,2026-02-17 19:38:00,API Gateway,Production,Pune,DELETE,200,192.9,2.33,387
REQ-02449,2026-03-24 21:38:00,API Gateway,Staging,Pune,POST,503,328.3,0.62,71
REQ-02450,2026-04-13 19:08:00,Notification Service,Production,Hyderabad,POST,400,163.3,0.37,43
REQ-02451,2026-03-20 00:35:00,Auth Service,Staging,Hyderabad,POST,200,118.3,2.92,56
REQ-02452,2026-06-27 13:48:00,Payment Service,Production,Hyderabad,POST,503,468.9,1.16,160
REQ-02453,2026-04-12 16:41:00,API Gateway,Staging,Pune,POST,200,171.3,3.35,148
REQ-02454,2026-04-27 07:01:00,Payment Service,Production,Hyderabad,PUT,404,295.6,2.29,219
REQ-02455,2026-03-26 15:58:00,Auth Service,Production,Bangalore,GET,500,133.0,2.23,56
REQ-02456,2026-04-29 12:15:00,Notification Service,Staging,Mumbai,POST,200,267.1,0.73,323
REQ-02457,2026-01-01 20:07:00,Auth Service,Production,Mumbai,POST,201,135.4,1.23,362
REQ-02458,2026-03-13 01:31:00,User Service,Production,Hyderabad,GET,404,225.3,2.1,28
REQ-02459,2026-03-18 16:46:00,Payment Service,Production,Pune,GET,200,330.9,3.65,27
REQ-02460,2026-05-17 01:15:00,Auth Service,Production,Pune,DELETE,201,170.8,3.5,376
REQ-02461,2026-03-24 07:29:00,Auth Service,Production,Bangalore,GET,200,128.0,3.35,488
REQ-02462,2026-05-26 13:53:00,API Gateway,Production,Bangalore,DELETE,200,225.5,2.49,310
REQ-02463,2026-05-01 03:33:00,Auth Service,Staging,Mumbai,GET,200,104.9,0.11,421
REQ-02464,2026-03-18 18:39:00,Payment Service,Production,Hyderabad,POST,201,449.5,0.12,34
REQ-02465,2026-06-05 20:02:00,API Gateway,Production,Mumbai,POST,400,159.0,2.2,80
REQ-02466,2026-01-17 00:51:00,Notification Service,Production,Mumbai,POST,500,291.3,3.64,406
REQ-02467,2026-01-16 14:45:00,Auth Service,Staging,Mumbai,GET,429,144.2,1.7,334
REQ-02468,2026-02-14 00:29:00,API Gateway,Production,Bangalore,GET,400,181.4,0.6,56
REQ-02469,2026-02-14 07:49:00,Auth Service,Production,Bangalore,PUT,201,137.8,2.44,197
REQ-02470,2026-03-10 19:33:00,Payment Service,Production,Mumbai,GET,200,352.5,0.51,125
REQ-02471,2026-02-06 06:14:00,Payment Service,Production,Hyderabad,GET,400,493.7,1.15,84
REQ-02472,2026-03-02 08:09:00,API Gateway,Production,Hyderabad,POST,200,162.1,2.95,25
REQ-02473,2026-04-18 01:35:00,API Gateway,Production,Mumbai,POST,201,147.5,1.57,189
REQ-02474,2026-01-12 09:16:00,Auth Service,Production,Hyderabad,GET,201,73.4,0.54,330
REQ-02475,2026-04-02 02:12:00,User Service,Production,Mumbai,GET,200,172.2,0.93,396
REQ-02476,2026-05-31 23:25:00,Payment Service,Production,Mumbai,POST,200,295.9,1.25,202
REQ-02477,2026-01-08 10:25:00,Payment Service,Production,Bangalore,PUT,200,168.4,3.72,343
REQ-02478,2026-02-04 15:09:00,Notification Service,Production,Bangalore,POST,401,246.2,2.77,127
REQ-02479,2026-01-22 07:37:00,Payment Service,Production,Pune,POST,200,198.2,1.76,436
REQ-02480,2026-03-12 09:43:00,Notification Service,Production,Pune,GET,201,273.1,2.15,466
REQ-02481,2026-05-24 16:50:00,Payment Service,Production,Mumbai,DELETE,404,399.0,0.38,62
REQ-02482,2026-04-15 06:40:00,Payment Service,Production,Hyderabad,PUT,200,187.8,2.16,229
REQ-02483,2026-03-11 01:07:00,Notification Service,Production,Hyderabad,GET,200,209.8,3.12,374
REQ-02484,2026-01-05 21:05:00,Auth Service,Production,Bangalore,POST,429,210.4,3.59,53
REQ-02485,2026-01-10 18:35:00,Auth Service,Staging,Pune,POST,400,78.4,3.89,37
REQ-02486,2026-01-27 18:21:00,API Gateway,Production,Bangalore,POST,200,189.5,3.21,323
REQ-02487,2026-04-29 09:53:00,Payment Service,Production,Mumbai,GET,429,257.3,0.14,454
REQ-02488,2026-04-12 18:20:00,Auth Service,Production,Bangalore,GET,200,113.4,0.66,169
REQ-02489,2026-06-20 01:14:00,Payment Service,Production,Hyderabad,GET,201,234.0,3.98,317
REQ-02490,2026-05-19 08:18:00,User Service,Production,Hyderabad,PUT,200,223.0,1.77,103
REQ-02491,2026-05-16 03:26:00,User Service,Production,Hyderabad,GET,201,179.8,2.02,331
REQ-02492,2026-03-12 05:19:00,Notification Service,Production,Mumbai,DELETE,404,210.1,1.06,350
REQ-02493,2026-05-21 02:24:00,Auth Service,Staging,Pune,GET,200,126.8,3.0,396
REQ-02494,2026-05-22 13:59:00,Payment Service,Production,Bangalore,GET,502,501.4,2.98,36
REQ-02495,2026-06-19 19:02:00,Notification Service,Production,Pune,POST,200,175.4,0.5,275
REQ-02496,2026-03-24 23:36:00,Auth Service,Staging,Pune,POST,200,118.0,1.81,482
REQ-02497,2026-04-13 04:19:00,API Gateway,Staging,Mumbai,POST,201,151.0,3.82,80
REQ-02498,2026-02-10 23:10:00,User Service,Staging,Bangalore,POST,502,276.7,3.21,379
REQ-02499,2026-05-29 11:23:00,User Service,Production,Hyderabad,DELETE,429,148.3,1.41,432
REQ-02500,2026-05-26 00:34:00,API Gateway,Production,Hyderabad,POST,200,157.5,1.91,400
REQ-02501,2026-04-25 01:10:00,Notification Service,Staging,Hyderabad,POST,201,181.7,3.37,11
REQ-02502,2026-06-07 18:52:00,API Gateway,Production,Pune,PUT,400,194.0,0.74,83
REQ-02503,2026-02-01 13:54:00,User Service,Production,Pune,PUT,200,297.2,2.46,117
REQ-02504,2026-05-26 22:18:00,Auth Service,Production,Hyderabad,GET,502,371.4,3.57,492
REQ-02505,2026-05-13 06:49:00,User Service,Production,Bangalore,GET,200,253.3,1.44,88
REQ-02506,2026-06-12 00:16:00,User Service,Staging,Mumbai,PUT,200,192.4,3.52,451
REQ-02507,2026-03-29 23:22:00,Auth Service,Production,Mumbai,GET,200,161.2,0.51,345
REQ-02508,2026-05-17 03:38:00,User Service,Production,Hyderabad,GET,201,164.6,1.72,275
REQ-02509,2026-03-04 03:11:00,API Gateway,Production,Bangalore,GET,200,216.5,0.2,473
REQ-02510,2026-02-24 14:55:00,User Service,Production,Hyderabad,GET,503,398.7,0.68,392
REQ-02511,2026-02-12 14:33:00,API Gateway,Production,Mumbai,GET,200,164.1,3.05,348
REQ-02512,2026-05-02 11:43:00,API Gateway,Production,Hyderabad,GET,201,191.7,3.03,194
REQ-02513,2026-05-25 05:41:00,Auth Service,Production,Mumbai,GET,200,123.3,2.64,199
REQ-02514,2026-06-20 01:07:00,User Service,Production,Pune,GET,503,517.4,0.66,52
REQ-02515,2026-04-21 11:27:00,User Service,Production,Pune,DELETE,200,302.1,1.42,232
REQ-02516,2026-02-17 05:03:00,Payment Service,Production,Bangalore,GET,200,361.9,1.93,403
REQ-02517,2026-05-02 11:03:00,User Service,Production,Bangalore,GET,200,192.3,2.44,357
REQ-02518,2026-02-06 08:20:00,User Service,Production,Pune,GET,200,140.7,0.36,343
REQ-02519,2026-03-13 02:49:00,Payment Service,Production,Pune,GET,401,397.4,2.63,442
REQ-02520,2026-05-14 09:04:00,Notification Service,Production,Bangalore,GET,500,385.0,1.22,166
REQ-02521,2026-03-23 17:55:00,API Gateway,Staging,Mumbai,GET,500,338.4,2.95,30
REQ-02522,2026-04-16 15:57:00,API Gateway,Production,Bangalore,GET,200,232.0,1.49,340
REQ-02523,2026-04-19 04:56:00,Notification Service,Production,Bangalore,POST,503,551.6,3.77,441
REQ-02524,2026-01-23 01:32:00,User Service,Production,Pune,GET,200,275.0,0.39,440
REQ-02525,2026-02-25 16:35:00,API Gateway,Production,Pune,POST,404,231.3,3.4,462
REQ-02526,2026-06-14 14:39:00,Payment Service,Production,Bangalore,PUT,200,266.6,0.4,392
REQ-02527,2026-01-08 11:46:00,API Gateway,Production,Mumbai,POST,201,140.7,2.88,176
REQ-02528,2026-04-12 03:19:00,Notification Service,Production,Mumbai,GET,200,207.7,1.16,2
REQ-02529,2026-05-06 18:52:00,User Service,Production,Bangalore,GET,200,189.7,0.98,392
REQ-02530,2026-01-07 16:42:00,Payment Service,Production,Hyderabad,DELETE,200,226.2,2.04,90
REQ-02531,2026-05-28 17:38:00,API Gateway,Production,Pune,GET,200,186.7,1.71,34
REQ-02532,2026-06-14 19:09:00,User Service,Staging,Pune,GET,200,177.6,1.63,486
REQ-02533,2026-03-04 04:27:00,API Gateway,Production,Bangalore,POST,500,424.2,0.45,162
REQ-02534,2026-06-01 12:54:00,Auth Service,Production,Bangalore,POST,200,112.3,1.81,314
REQ-02535,2026-03-15 10:27:00,Notification Service,Staging,Hyderabad,GET,200,273.1,2.65,465
REQ-02536,2026-03-25 05:09:00,User Service,Production,Mumbai,GET,200,267.8,3.33,191
REQ-02537,2026-02-28 12:13:00,Auth Service,Production,Pune,GET,200,120.1,2.71,194
REQ-02538,2026-05-26 20:15:00,API Gateway,Production,Bangalore,PUT,200,222.0,1.61,89
REQ-02539,2026-06-03 23:23:00,Auth Service,Production,Mumbai,PUT,429,113.0,2.09,101
REQ-02540,2026-01-23 10:06:00,Payment Service,Production,Bangalore,DELETE,401,148.2,0.35,386
REQ-02541,2026-05-13 08:26:00,Payment Service,Production,Hyderabad,POST,200,140.5,0.75,318
REQ-02542,2026-02-11 15:37:00,API Gateway,Production,Bangalore,GET,500,208.1,1.0,453
REQ-02543,2026-03-19 01:29:00,Payment Service,Staging,Mumbai,GET,200,361.6,3.46,148
REQ-02544,2026-02-03 20:11:00,User Service,Production,Hyderabad,GET,201,188.8,0.71,383
REQ-02545,2026-05-17 21:14:00,Payment Service,Production,Mumbai,POST,500,505.1,3.96,348
REQ-02546,2026-04-09 11:18:00,Notification Service,Production,Bangalore,GET,404,158.9,3.8,115
REQ-02547,2026-02-18 00:14:00,API Gateway,Staging,Bangalore,GET,429,143.3,2.06,58
REQ-02548,2026-06-05 12:53:00,Payment Service,Production,Hyderabad,POST,200,355.0,2.42,165
REQ-02549,2026-04-22 11:42:00,API Gateway,Staging,Mumbai,GET,400,146.1,3.27,300
REQ-02550,2026-02-21 02:46:00,Payment Service,Staging,Hyderabad,GET,200,432.5,0.35,456
REQ-02551,2026-05-09 20:14:00,Payment Service,Production,Pune,POST,200,158.8,1.01,374
REQ-02552,2026-01-13 23:05:00,Notification Service,Production,Pune,GET,200,267.5,3.94,347
REQ-02553,2026-06-27 18:12:00,Auth Service,Production,Hyderabad,GET,503,330.8,1.45,131
REQ-02554,2026-05-30 00:32:00,Auth Service,Production,Bangalore,POST,200,119.1,2.37,36
REQ-02555,2026-02-20 00:05:00,Auth Service,Production,Hyderabad,GET,429,70.7,1.14,295
REQ-02556,2026-05-16 15:09:00,Payment Service,Production,Bangalore,GET,500,563.2,1.16,212
REQ-02557,2026-06-25 19:03:00,API Gateway,Staging,Mumbai,POST,200,169.4,3.06,17
REQ-02558,2026-01-02 03:26:00,User Service,Production,Mumbai,GET,200,153.1,1.51,42
REQ-02559,2026-05-09 08:34:00,Auth Service,Production,Bangalore,GET,400,172.2,3.2,62
REQ-02560,2026-01-13 14:37:00,Notification Service,Production,Bangalore,DELETE,200,183.7,0.85,268
REQ-02561,2026-01-19 13:27:00,Payment Service,Production,Bangalore,PUT,200,408.7,1.69,378
REQ-02562,2026-05-30 15:35:00,User Service,Production,Pune,GET,201,232.0,1.3,371
REQ-02563,2026-05-27 03:47:00,Payment Service,Production,Hyderabad,POST,200,376.7,0.46,366
REQ-02564,2026-05-24 22:27:00,Payment Service,Staging,Bangalore,GET,502,533.5,3.68,201
REQ-02565,2026-02-18 06:33:00,User Service,Production,Hyderabad,GET,200,254.1,1.5,245
REQ-02566,2026-02-08 22:12:00,Notification Service,Production,Hyderabad,POST,200,225.4,2.79,452
REQ-02567,2026-02-12 10:08:00,User Service,Production,Bangalore,POST,502,457.6,0.88,330
REQ-02568,2026-01-20 16:39:00,User Service,Staging,Hyderabad,GET,200,183.2,1.01,412
REQ-02569,2026-04-20 18:23:00,API Gateway,Production,Pune,POST,429,192.4,3.85,221
REQ-02570,2026-03-07 09:47:00,API Gateway,Production,Pune,DELETE,201,193.3,0.51,418
REQ-02571,2026-03-01 06:10:00,Notification Service,Staging,Hyderabad,GET,200,360.2,0.8,478
REQ-02572,2026-05-08 07:08:00,Notification Service,Production,Hyderabad,PUT,400,166.4,0.73,256
REQ-02573,2026-01-24 01:28:00,Notification Service,Production,Bangalore,DELETE,201,336.2,3.94,286
REQ-02574,2026-03-15 23:31:00,Payment Service,Production,Pune,POST,200,329.2,0.8,21
REQ-02575,2026-02-01 03:17:00,Auth Service,Staging,Hyderabad,GET,200,196.5,3.86,209
REQ-02576,2026-02-23 06:31:00,Payment Service,Production,Bangalore,GET,404,399.8,2.94,94
REQ-02577,2026-05-30 06:05:00,Auth Service,Production,Mumbai,GET,400,111.8,0.62,30
REQ-02578,2026-01-19 17:50:00,API Gateway,Production,Bangalore,PUT,201,150.7,1.82,428
REQ-02579,2026-05-17 08:08:00,Payment Service,Production,Bangalore,POST,200,261.3,3.78,95
REQ-02580,2026-03-10 15:36:00,User Service,Production,Hyderabad,DELETE,400,215.3,0.64,291
REQ-02581,2026-01-30 10:57:00,Auth Service,Production,Mumbai,PUT,200,116.1,2.11,391
REQ-02582,2026-05-19 21:26:00,Notification Service,Production,Mumbai,POST,200,282.7,2.77,89
REQ-02583,2026-03-22 16:36:00,Auth Service,Production,Pune,POST,200,138.0,1.63,419
REQ-02584,2026-01-04 16:55:00,API Gateway,Staging,Pune,POST,200,182.7,1.49,342
REQ-02585,2026-06-04 13:05:00,User Service,Production,Bangalore,POST,502,374.5,2.04,59
REQ-02586,2026-02-05 13:29:00,Payment Service,Production,Mumbai,GET,400,166.5,1.58,419
REQ-02587,2026-06-18 03:22:00,Auth Service,Production,Pune,GET,401,135.0,1.63,140
REQ-02588,2026-05-30 16:40:00,Auth Service,Production,Bangalore,PUT,500,134.5,0.47,88
REQ-02589,2026-05-30 01:13:00,User Service,Production,Pune,POST,200,204.2,2.62,221
REQ-02590,2026-05-20 04:40:00,API Gateway,Staging,Pune,GET,401,166.6,2.99,9
REQ-02591,2026-02-17 20:02:00,Notification Service,Staging,Mumbai,POST,200,258.5,2.53,452
REQ-02592,2026-02-20 04:09:00,API Gateway,Production,Pune,POST,200,112.1,2.43,129
REQ-02593,2026-01-08 20:09:00,Auth Service,Production,Mumbai,POST,200,108.4,2.22,395
REQ-02594,2026-04-11 03:48:00,Payment Service,Production,Mumbai,GET,200,248.2,1.33,473
REQ-02595,2026-02-05 08:27:00,User Service,Production,Pune,DELETE,503,322.5,2.54,96
REQ-02596,2026-05-19 01:42:00,Auth Service,Staging,Pune,GET,200,150.0,1.8,215
REQ-02597,2026-03-29 15:10:00,API Gateway,Production,Bangalore,POST,200,271.5,0.48,264
REQ-02598,2026-04-29 19:01:00,API Gateway,Staging,Pune,POST,200,94.3,3.99,30
REQ-02599,2026-06-16 05:06:00,Payment Service,Production,Mumbai,DELETE,200,222.3,2.06,77
REQ-02600,2026-05-29 05:26:00,Payment Service,Production,Hyderabad,POST,200,512.6,1.59,412
REQ-02601,2026-01-12 01:48:00,Auth Service,Staging,Pune,DELETE,200,177.3,1.32,221
REQ-02602,2026-02-06 00:22:00,Auth Service,Staging,Bangalore,POST,200,191.0,3.64,357
REQ-02603,2026-04-11 04:55:00,Auth Service,Production,Mumbai,GET,200,125.0,0.44,372
REQ-02604,2026-02-06 05:29:00,User Service,Production,Hyderabad,PUT,200,202.9,2.21,12
REQ-02605,2026-01-11 14:49:00,Payment Service,Staging,Mumbai,DELETE,200,309.2,1.53,263
REQ-02606,2026-03-08 07:42:00,User Service,Production,Pune,GET,502,370.0,2.23,109
REQ-02607,2026-04-29 23:24:00,API Gateway,Staging,Bangalore,POST,200,163.9,2.5,399
REQ-02608,2026-05-10 07:22:00,User Service,Staging,Mumbai,PUT,429,222.9,2.73,229
REQ-02609,2026-06-27 17:05:00,Auth Service,Production,Mumbai,PUT,200,174.9,2.63,48
REQ-02610,2026-04-16 03:12:00,User Service,Production,Pune,GET,200,244.6,1.24,322
REQ-02611,2026-06-06 10:12:00,User Service,Production,Hyderabad,GET,200,259.8,3.48,219
REQ-02612,2026-04-09 11:08:00,Payment Service,Staging,Mumbai,GET,200,424.2,3.4,480
REQ-02613,2026-06-04 20:32:00,API Gateway,Production,Pune,GET,201,115.4,1.44,34
REQ-02614,2026-04-13 15:04:00,User Service,Staging,Hyderabad,DELETE,200,140.0,3.82,228
REQ-02615,2026-04-25 21:18:00,User Service,Production,Mumbai,GET,200,120.4,2.77,306
REQ-02616,2026-04-09 12:28:00,Notification Service,Staging,Hyderabad,PUT,200,262.6,2.79,114
REQ-02617,2026-05-15 00:59:00,Payment Service,Production,Bangalore,GET,200,510.8,0.59,403
REQ-02618,2026-04-19 02:02:00,User Service,Production,Mumbai,GET,200,218.6,1.33,80
REQ-02619,2026-04-18 09:17:00,User Service,Staging,Pune,GET,200,195.9,0.77,71
REQ-02620,2026-04-12 09:20:00,Auth Service,Production,Pune,GET,200,176.5,2.06,110
REQ-02621,2026-04-22 11:18:00,API Gateway,Staging,Mumbai,POST,201,216.8,1.59,396
REQ-02622,2026-05-28 22:58:00,API Gateway,Production,Mumbai,GET,200,201.6,2.04,336
REQ-02623,2026-04-25 12:15:00,User Service,Staging,Hyderabad,POST,401,123.1,2.63,71
REQ-02624,2026-06-07 02:18:00,Auth Service,Production,Hyderabad,GET,200,152.2,1.21,349
REQ-02625,2026-06-22 05:44:00,Payment Service,Production,Bangalore,DELETE,201,294.8,3.84,349
REQ-02626,2026-01-07 09:18:00,Notification Service,Production,Pune,GET,404,194.6,3.97,422
REQ-02627,2026-03-25 20:39:00,API Gateway,Production,Hyderabad,POST,200,206.8,0.66,381
REQ-02628,2026-03-09 01:04:00,API Gateway,Production,Hyderabad,DELETE,200,241.3,2.08,422
REQ-02629,2026-05-04 11:25:00,Auth Service,Production,Hyderabad,PUT,401,230.7,0.22,493
REQ-02630,2026-01-27 16:41:00,User Service,Production,Hyderabad,PUT,200,191.6,1.22,197
REQ-02631,2026-02-13 04:52:00,Notification Service,Staging,Pune,GET,429,277.6,2.94,126
REQ-02632,2026-01-24 20:17:00,API Gateway,Production,Pune,POST,201,153.5,0.23,496
REQ-02633,2026-05-07 04:52:00,API Gateway,Production,Pune,POST,429,156.4,3.27,244
REQ-02634,2026-03-07 11:05:00,Notification Service,Staging,Mumbai,GET,200,117.0,0.27,101
REQ-02635,2026-05-11 09:31:00,Payment Service,Production,Pune,POST,200,264.3,3.71,253
REQ-02636,2026-05-02 10:13:00,Notification Service,Production,Bangalore,PUT,200,184.0,3.29,283
REQ-02637,2026-03-14 02:13:00,Payment Service,Staging,Mumbai,POST,200,220.0,3.13,399
REQ-02638,2026-02-07 03:07:00,User Service,Staging,Mumbai,GET,200,275.2,2.86,426
REQ-02639,2026-05-28 10:18:00,Notification Service,Production,Bangalore,GET,503,437.3,0.32,105
REQ-02640,2026-05-05 13:34:00,API Gateway,Production,Mumbai,POST,201,206.2,3.84,390
REQ-02641,2026-02-16 08:51:00,User Service,Production,Hyderabad,GET,200,138.5,2.85,214
REQ-02642,2026-03-06 22:11:00,Notification Service,Production,Mumbai,GET,200,72.0,1.09,40
REQ-02643,2026-03-17 08:20:00,API Gateway,Production,Bangalore,POST,200,154.6,3.76,280
REQ-02644,2026-01-03 08:40:00,Auth Service,Production,Hyderabad,POST,500,200.4,2.7,109
REQ-02645,2026-02-22 02:57:00,API Gateway,Production,Bangalore,POST,200,224.0,0.92,2
REQ-02646,2026-06-15 09:07:00,Auth Service,Staging,Pune,POST,200,137.5,0.36,157
REQ-02647,2026-04-15 03:16:00,User Service,Staging,Mumbai,GET,201,217.6,0.15,143
REQ-02648,2026-05-02 12:56:00,Payment Service,Production,Mumbai,GET,200,209.3,2.54,431
REQ-02649,2026-02-23 11:01:00,API Gateway,Staging,Mumbai,GET,200,205.4,1.17,188
REQ-02650,2026-03-06 23:26:00,Auth Service,Production,Pune,POST,503,231.1,0.79,203
REQ-02651,2026-03-10 13:05:00,Payment Service,Production,Mumbai,POST,200,489.7,0.3,347
REQ-02652,2026-04-23 18:54:00,Auth Service,Production,Hyderabad,POST,201,193.7,0.97,228
REQ-02653,2026-02-07 08:18:00,Payment Service,Production,Mumbai,GET,401,265.5,2.02,137
REQ-02654,2026-02-22 18:09:00,Notification Service,Production,Pune,GET,404,278.5,0.77,446
REQ-02655,2026-02-03 18:03:00,User Service,Production,Mumbai,POST,200,168.0,2.12,121
REQ-02656,2026-05-01 22:10:00,Auth Service,Production,Mumbai,GET,502,376.3,3.74,431
REQ-02657,2026-04-23 12:47:00,Auth Service,Production,Bangalore,GET,200,192.3,2.3,76
REQ-02658,2026-02-07 12:34:00,User Service,Production,Mumbai,POST,200,225.7,0.93,489
REQ-02659,2026-04-04 13:06:00,User Service,Production,Hyderabad,DELETE,401,303.1,1.47,411
REQ-02660,2026-03-18 02:48:00,API Gateway,Production,Bangalore,POST,503,151.5,3.42,332
REQ-02661,2026-03-28 00:52:00,Auth Service,Production,Pune,GET,503,128.4,0.33,95
REQ-02662,2026-01-27 02:46:00,Notification Service,Production,Mumbai,GET,429,240.0,1.29,231
REQ-02663,2026-01-10 07:29:00,User Service,Staging,Pune,POST,200,248.6,0.8,324
REQ-02664,2026-05-07 21:17:00,Auth Service,Production,Mumbai,GET,201,139.9,0.46,291
REQ-02665,2026-06-19 13:12:00,Auth Service,Staging,Mumbai,POST,200,164.3,0.65,125
REQ-02666,2026-02-19 15:06:00,Payment Service,Production,Pune,GET,200,303.6,2.57,461
REQ-02667,2026-05-12 00:52:00,User Service,Production,Bangalore,POST,200,340.0,0.14,165
REQ-02668,2026-04-29 15:09:00,User Service,Staging,Mumbai,GET,200,276.7,3.54,431
REQ-02669,2026-03-18 12:32:00,Auth Service,Production,Bangalore,GET,200,121.3,1.39,441
REQ-02670,2026-01-24 11:03:00,Payment Service,Production,Pune,GET,200,232.6,3.04,288
REQ-02671,2026-05-31 23:38:00,API Gateway,Production,Bangalore,DELETE,200,163.1,2.48,355
REQ-02672,2026-06-01 03:00:00,User Service,Production,Mumbai,POST,200,217.1,3.85,99
REQ-02673,2026-06-24 03:25:00,Notification Service,Staging,Mumbai,PUT,201,394.3,2.1,205
REQ-02674,2026-06-02 07:24:00,Auth Service,Production,Mumbai,PUT,200,120.3,0.15,351
REQ-02675,2026-05-02 17:17:00,API Gateway,Production,Pune,POST,200,128.6,2.38,309
REQ-02676,2026-02-07 11:44:00,Payment Service,Staging,Hyderabad,POST,429,257.1,3.56,452
REQ-02677,2026-05-28 07:39:00,API Gateway,Production,Mumbai,GET,404,244.5,0.34,255
REQ-02678,2026-01-28 10:33:00,Payment Service,Production,Bangalore,GET,200,500.0,3.56,82
REQ-02679,2026-04-11 12:21:00,Notification Service,Staging,Bangalore,POST,200,209.9,2.59,457
REQ-02680,2026-04-19 08:00:00,User Service,Staging,Bangalore,GET,400,116.6,3.12,308
REQ-02681,2026-05-17 16:21:00,Notification Service,Production,Mumbai,GET,401,289.7,3.0,394
REQ-02682,2026-06-10 03:57:00,User Service,Production,Bangalore,POST,500,227.9,1.3,87
REQ-02683,2026-02-11 01:31:00,Notification Service,Staging,Bangalore,DELETE,503,474.1,1.45,163
REQ-02684,2026-03-05 05:46:00,Auth Service,Production,Hyderabad,POST,401,144.5,1.56,31
REQ-02685,2026-03-06 17:39:00,API Gateway,Production,Mumbai,POST,404,159.4,0.72,262
REQ-02686,2026-03-25 00:51:00,Auth Service,Production,Bangalore,PUT,200,119.6,2.44,459
REQ-02687,2026-02-09 13:09:00,Notification Service,Production,Hyderabad,GET,201,261.2,0.84,144
REQ-02688,2026-03-19 20:22:00,API Gateway,Production,Mumbai,DELETE,401,219.4,1.0,440
REQ-02689,2026-04-07 00:28:00,Payment Service,Production,Pune,PUT,200,393.1,2.76,53
REQ-02690,2026-05-02 09:17:00,API Gateway,Production,Pune,DELETE,201,63.9,1.25,453
REQ-02691,2026-01-11 13:53:00,Payment Service,Production,Hyderabad,GET,500,528.0,0.2,457
REQ-02692,2026-06-09 12:55:00,Payment Service,Production,Bangalore,PUT,503,475.5,0.28,88
REQ-02693,2026-01-17 20:32:00,API Gateway,Staging,Hyderabad,POST,503,352.8,0.31,73
REQ-02694,2026-03-06 18:34:00,API Gateway,Production,Bangalore,GET,400,124.4,2.94,97
REQ-02695,2026-04-10 22:27:00,Auth Service,Production,Mumbai,PUT,500,202.3,0.11,382
REQ-02696,2026-02-22 06:47:00,Auth Service,Production,Pune,POST,500,242.6,0.85,387
REQ-02697,2026-01-16 23:58:00,API Gateway,Staging,Pune,GET,200,141.8,0.53,11
REQ-02698,2026-03-31 17:25:00,API Gateway,Staging,Bangalore,POST,201,194.0,3.21,92
REQ-02699,2026-01-18 05:03:00,Payment Service,Production,Mumbai,GET,200,448.2,1.91,257
REQ-02700,2026-01-14 22:34:00,User Service,Staging,Hyderabad,PUT,200,254.6,3.22,297
REQ-02701,2026-03-16 04:18:00,Auth Service,Production,Hyderabad,POST,200,111.7,1.1,175
REQ-02702,2026-01-08 02:09:00,Auth Service,Production,Bangalore,POST,200,173.5,0.96,298
REQ-02703,2026-03-22 09:23:00,Notification Service,Production,Bangalore,GET,200,181.0,1.95,7
REQ-02704,2026-06-25 19:09:00,API Gateway,Production,Bangalore,DELETE,200,206.7,1.65,117
REQ-02705,2026-06-27 06:27:00,User Service,Production,Bangalore,POST,404,273.0,0.82,268
REQ-02706,2026-03-23 01:47:00,API Gateway,Production,Hyderabad,POST,201,173.3,1.21,270
REQ-02707,2026-01-07 23:27:00,Payment Service,Production,Pune,GET,200,486.3,0.29,218
REQ-02708,2026-03-30 12:21:00,Payment Service,Production,Bangalore,POST,429,348.0,3.49,409
REQ-02709,2026-06-10 22:17:00,User Service,Production,Pune,PUT,200,212.1,2.33,69
REQ-02710,2026-02-20 11:12:00,API Gateway,Staging,Bangalore,POST,429,143.7,3.26,344
REQ-02711,2026-01-03 18:42:00,Auth Service,Staging,Mumbai,GET,201,199.5,3.53,256
REQ-02712,2026-06-19 11:03:00,Notification Service,Production,Bangalore,DELETE,201,340.9,1.35,53
REQ-02713,2026-04-18 07:53:00,API Gateway,Production,Hyderabad,POST,201,116.7,0.95,14
REQ-02714,2026-03-02 02:14:00,API Gateway,Production,Mumbai,POST,200,285.7,0.51,91
REQ-02715,2026-06-29 18:33:00,Auth Service,Production,Hyderabad,POST,201,155.5,2.71,496
REQ-02716,2026-03-06 13:15:00,Auth Service,Production,Hyderabad,POST,502,161.0,3.35,40
REQ-02717,2026-01-29 06:05:00,Payment Service,Production,Mumbai,DELETE,200,328.1,2.64,489
REQ-02718,2026-04-28 07:43:00,Notification Service,Production,Hyderabad,GET,404,120.4,1.11,189
REQ-02719,2026-03-12 05:23:00,Auth Service,Production,Hyderabad,POST,404,107.8,3.03,125
REQ-02720,2026-01-27 14:35:00,Auth Service,Staging,Hyderabad,GET,200,128.9,0.23,425
REQ-02721,2026-02-23 16:36:00,Payment Service,Staging,Hyderabad,POST,503,597.7,1.39,461
REQ-02722,2026-05-25 23:32:00,Payment Service,Production,Hyderabad,POST,503,492.9,0.28,78
REQ-02723,2026-03-10 15:14:00,Notification Service,Production,Mumbai,POST,200,253.4,1.93,244
REQ-02724,2026-02-14 02:16:00,Auth Service,Production,Pune,POST,200,158.7,1.24,20
REQ-02725,2026-01-14 20:24:00,Auth Service,Production,Pune,POST,200,128.8,1.47,102
REQ-02726,2026-06-05 06:09:00,API Gateway,Staging,Mumbai,GET,200,156.2,1.52,471
REQ-02727,2026-04-13 15:38:00,Auth Service,Staging,Pune,POST,201,184.6,0.87,324
REQ-02728,2026-05-22 11:37:00,Payment Service,Production,Mumbai,GET,200,166.5,0.15,189
REQ-02729,2026-06-18 06:36:00,Notification Service,Staging,Bangalore,POST,201,296.1,1.08,404
REQ-02730,2026-05-26 22:56:00,Payment Service,Staging,Mumbai,GET,500,446.5,1.14,385
REQ-02731,2026-02-27 19:27:00,Notification Service,Production,Bangalore,PUT,201,200.3,3.07,129
REQ-02732,2026-02-07 04:31:00,Payment Service,Staging,Bangalore,GET,429,469.6,0.96,204
REQ-02733,2026-06-15 15:07:00,API Gateway,Production,Pune,POST,200,184.5,1.96,400
REQ-02734,2026-02-02 15:31:00,API Gateway,Staging,Hyderabad,GET,400,160.5,1.25,287
REQ-02735,2026-03-31 02:58:00,Payment Service,Production,Bangalore,GET,400,245.4,1.27,126
REQ-02736,2026-05-30 20:02:00,Payment Service,Production,Bangalore,GET,200,393.2,2.01,102
REQ-02737,2026-02-28 15:16:00,User Service,Staging,Mumbai,GET,200,268.0,1.11,181
REQ-02738,2026-05-17 22:23:00,Payment Service,Production,Hyderabad,GET,200,254.2,3.0,174
REQ-02739,2026-04-30 07:39:00,API Gateway,Production,Hyderabad,POST,401,129.3,3.63,359
REQ-02740,2026-03-09 07:01:00,Notification Service,Production,Hyderabad,POST,200,252.6,0.81,362
REQ-02741,2026-06-20 22:47:00,User Service,Production,Hyderabad,DELETE,200,205.8,1.76,167
REQ-02742,2026-06-27 05:55:00,User Service,Production,Bangalore,POST,404,155.7,0.67,104
REQ-02743,2026-06-24 09:15:00,User Service,Staging,Hyderabad,POST,401,195.8,2.42,408
REQ-02744,2026-06-15 12:35:00,User Service,Staging,Hyderabad,GET,200,226.1,0.44,297
REQ-02745,2026-01-05 20:51:00,API Gateway,Production,Mumbai,GET,500,504.4,2.25,241
REQ-02746,2026-04-12 22:12:00,Payment Service,Production,Bangalore,POST,200,274.5,1.81,220
REQ-02747,2026-03-30 22:41:00,Notification Service,Staging,Hyderabad,GET,404,168.8,3.78,209
REQ-02748,2026-05-08 21:46:00,User Service,Production,Bangalore,GET,200,198.7,2.89,399
REQ-02749,2026-05-20 23:59:00,API Gateway,Production,Bangalore,POST,400,143.8,2.5,325
REQ-02750,2026-04-07 12:46:00,Auth Service,Production,Pune,POST,200,165.9,0.1,148
REQ-02751,2026-04-08 22:05:00,Payment Service,Staging,Pune,POST,201,384.0,2.42,400
REQ-02752,2026-05-02 21:52:00,User Service,Production,Mumbai,DELETE,201,322.7,0.39,164
REQ-02753,2026-06-21 16:19:00,API Gateway,Staging,Mumbai,GET,201,253.5,2.84,365
REQ-02754,2026-05-07 10:01:00,API Gateway,Production,Pune,GET,200,168.3,1.06,323
REQ-02755,2026-02-13 08:39:00,API Gateway,Production,Bangalore,POST,200,270.2,3.02,311
REQ-02756,2026-04-28 01:16:00,Auth Service,Staging,Pune,GET,201,77.8,1.72,148
REQ-02757,2026-05-10 10:35:00,API Gateway,Production,Pune,POST,200,236.1,3.61,282
REQ-02758,2026-06-29 12:20:00,User Service,Production,Bangalore,PUT,500,558.0,2.31,423
REQ-02759,2026-01-26 03:15:00,Notification Service,Production,Pune,GET,401,214.6,3.22,257
REQ-02760,2026-04-19 06:46:00,Payment Service,Production,Pune,PUT,503,485.7,1.26,206
REQ-02761,2026-04-08 15:25:00,Payment Service,Production,Mumbai,POST,201,331.2,3.98,442
REQ-02762,2026-03-08 19:08:00,API Gateway,Production,Pune,POST,200,149.3,3.91,320
REQ-02763,2026-02-12 17:05:00,API Gateway,Production,Mumbai,GET,404,154.2,3.23,361
REQ-02764,2026-06-21 04:42:00,Payment Service,Production,Mumbai,GET,502,760.7,2.46,197
REQ-02765,2026-01-31 23:08:00,Notification Service,Production,Pune,GET,200,186.5,3.18,445
REQ-02766,2026-02-02 17:55:00,Notification Service,Production,Pune,POST,200,227.3,3.77,459
REQ-02767,2026-04-26 13:05:00,API Gateway,Production,Bangalore,POST,200,203.2,1.37,473
REQ-02768,2026-03-06 09:32:00,Payment Service,Staging,Mumbai,POST,200,331.0,3.69,471
REQ-02769,2026-02-21 20:57:00,Auth Service,Production,Bangalore,POST,502,245.2,1.32,84
REQ-02770,2026-02-24 11:01:00,User Service,Production,Bangalore,GET,200,119.0,3.44,323
REQ-02771,2026-06-22 17:59:00,Payment Service,Staging,Hyderabad,PUT,200,390.1,3.72,96
REQ-02772,2026-01-10 10:57:00,Notification Service,Staging,Pune,POST,200,357.1,3.12,198
REQ-02773,2026-02-15 10:16:00,API Gateway,Production,Bangalore,POST,200,119.3,1.65,151
REQ-02774,2026-03-17 06:49:00,API Gateway,Production,Bangalore,GET,200,190.6,3.48,66
REQ-02775,2026-06-26 16:57:00,API Gateway,Production,Bangalore,PUT,200,228.7,3.89,391
REQ-02776,2026-03-15 01:02:00,Auth Service,Production,Hyderabad,POST,201,179.2,2.63,253
REQ-02777,2026-03-04 15:16:00,Auth Service,Production,Mumbai,POST,201,103.9,2.82,478
REQ-02778,2026-06-19 02:09:00,API Gateway,Production,Mumbai,GET,200,129.6,1.19,42
REQ-02779,2026-05-23 20:52:00,Notification Service,Production,Pune,GET,201,347.4,3.14,268
REQ-02780,2026-05-08 18:41:00,Auth Service,Staging,Hyderabad,POST,200,143.8,3.58,22
REQ-02781,2026-06-13 02:00:00,User Service,Staging,Mumbai,DELETE,401,195.9,2.8,108
REQ-02782,2026-04-10 23:56:00,API Gateway,Production,Pune,GET,200,199.6,0.94,439
REQ-02783,2026-03-29 15:43:00,Auth Service,Production,Hyderabad,PUT,200,151.6,2.67,126
REQ-02784,2026-01-02 09:00:00,Auth Service,Production,Pune,POST,200,178.3,1.28,5
REQ-02785,2026-05-10 12:44:00,Auth Service,Production,Bangalore,POST,200,171.1,3.79,205
REQ-02786,2026-01-17 10:27:00,User Service,Production,Bangalore,PUT,200,207.8,0.15,300
REQ-02787,2026-02-11 11:49:00,Auth Service,Production,Bangalore,PUT,200,223.6,0.68,143
REQ-02788,2026-04-14 15:19:00,Notification Service,Production,Pune,POST,502,514.0,3.09,58
REQ-02789,2026-05-04 02:37:00,Auth Service,Production,Mumbai,DELETE,502,247.5,0.27,133
REQ-02790,2026-01-20 03:11:00,User Service,Production,Hyderabad,GET,200,317.5,1.23,497
REQ-02791,2026-04-11 01:01:00,Payment Service,Production,Mumbai,GET,503,631.3,0.59,141
REQ-02792,2026-04-20 05:16:00,Payment Service,Staging,Pune,POST,201,334.3,1.33,129
REQ-02793,2026-05-10 04:56:00,Payment Service,Production,Pune,PUT,503,621.5,3.38,430
REQ-02794,2026-03-06 22:43:00,User Service,Production,Hyderabad,GET,500,410.9,3.67,267
REQ-02795,2026-02-21 00:57:00,User Service,Production,Hyderabad,GET,200,267.8,3.19,67
REQ-02796,2026-03-04 09:34:00,User Service,Production,Bangalore,PUT,200,289.5,1.64,176
REQ-02797,2026-05-21 21:04:00,Payment Service,Staging,Bangalore,GET,404,186.0,1.93,319
REQ-02798,2026-04-23 12:16:00,API Gateway,Production,Pune,GET,201,79.3,1.57,183
REQ-02799,2026-03-13 14:36:00,User Service,Staging,Mumbai,DELETE,200,162.8,3.81,404
REQ-02800,2026-04-09 15:39:00,API Gateway,Production,Pune,GET,502,184.2,2.41,476
REQ-02801,2026-04-07 14:48:00,User Service,Staging,Pune,PUT,200,225.8,3.64,177
REQ-02802,2026-04-01 14:33:00,API Gateway,Production,Bangalore,POST,200,166.5,2.15,265
REQ-02803,2026-04-15 19:29:00,Notification Service,Production,Bangalore,GET,200,284.4,3.55,342
REQ-02804,2026-03-13 01:04:00,API Gateway,Staging,Hyderabad,GET,502,237.0,2.76,164
REQ-02805,2026-06-21 02:37:00,User Service,Production,Hyderabad,GET,200,137.2,0.12,303
REQ-02806,2026-04-18 22:28:00,Payment Service,Production,Bangalore,GET,200,278.7,0.34,138
REQ-02807,2026-02-07 05:22:00,API Gateway,Staging,Mumbai,GET,200,223.5,1.06,339
REQ-02808,2026-01-04 08:52:00,User Service,Production,Pune,PUT,503,213.2,2.36,18
REQ-02809,2026-02-07 03:22:00,API Gateway,Production,Pune,GET,503,387.1,3.97,110
REQ-02810,2026-02-21 01:01:00,User Service,Staging,Bangalore,POST,400,323.9,1.3,190
REQ-02811,2026-03-04 07:05:00,Payment Service,Staging,Mumbai,GET,200,307.4,3.88,337
REQ-02812,2026-01-21 10:03:00,Payment Service,Production,Mumbai,POST,401,313.9,3.63,472
REQ-02813,2026-03-19 20:53:00,API Gateway,Production,Bangalore,GET,400,149.0,1.6,266
REQ-02814,2026-06-19 07:38:00,API Gateway,Production,Hyderabad,POST,200,96.7,3.3,143
REQ-02815,2026-05-25 16:27:00,API Gateway,Production,Pune,POST,200,190.4,2.29,148
REQ-02816,2026-04-04 15:22:00,Notification Service,Staging,Mumbai,POST,201,287.8,2.71,451
REQ-02817,2026-01-07 15:14:00,Payment Service,Production,Hyderabad,POST,200,222.2,2.63,444
REQ-02818,2026-03-25 18:03:00,User Service,Staging,Pune,POST,429,204.9,2.66,364
REQ-02819,2026-02-28 05:37:00,User Service,Production,Hyderabad,GET,500,405.7,0.53,446
REQ-02820,2026-04-18 05:32:00,User Service,Staging,Bangalore,POST,200,151.8,0.81,475
REQ-02821,2026-06-04 00:25:00,Payment Service,Production,Hyderabad,GET,200,413.8,2.39,167
REQ-02822,2026-04-07 22:25:00,User Service,Production,Mumbai,POST,201,206.7,0.38,113
REQ-02823,2026-01-29 06:45:00,User Service,Production,Pune,POST,400,170.3,3.97,471
REQ-02824,2026-05-31 13:31:00,Payment Service,Production,Pune,PUT,503,809.5,0.95,295
REQ-02825,2026-04-06 12:37:00,Notification Service,Production,Bangalore,DELETE,429,389.6,1.76,25
REQ-02826,2026-04-21 03:49:00,User Service,Production,Pune,GET,503,353.1,1.88,357
REQ-02827,2026-01-02 12:15:00,Payment Service,Production,Hyderabad,POST,500,702.1,1.23,205
REQ-02828,2026-04-22 23:35:00,Payment Service,Production,Mumbai,GET,400,477.9,1.36,226
REQ-02829,2026-03-13 01:00:00,User Service,Production,Hyderabad,GET,200,359.4,1.82,481
REQ-02830,2026-03-25 16:45:00,Auth Service,Production,Hyderabad,DELETE,400,159.2,2.04,399
REQ-02831,2026-02-11 21:25:00,Payment Service,Staging,Bangalore,DELETE,200,268.6,0.97,72
REQ-02832,2026-01-01 17:47:00,Payment Service,Staging,Bangalore,POST,200,320.8,3.91,209
REQ-02833,2026-06-01 11:24:00,Notification Service,Production,Pune,POST,201,251.3,2.31,316
REQ-02834,2026-01-16 03:46:00,Notification Service,Production,Hyderabad,GET,200,148.5,1.49,40
REQ-02835,2026-02-15 14:29:00,API Gateway,Production,Mumbai,GET,200,293.1,0.25,106
REQ-02836,2026-04-26 23:30:00,User Service,Production,Bangalore,GET,200,214.3,3.01,432
REQ-02837,2026-06-10 20:54:00,Auth Service,Production,Mumbai,POST,200,223.4,1.51,261
REQ-02838,2026-02-11 13:51:00,Payment Service,Staging,Bangalore,GET,200,154.7,1.94,219
REQ-02839,2026-03-26 15:49:00,Notification Service,Production,Mumbai,GET,401,200.2,2.59,163
REQ-02840,2026-02-16 00:33:00,Payment Service,Production,Pune,PUT,429,288.7,0.77,451
REQ-02841,2026-06-09 12:42:00,Notification Service,Production,Bangalore,POST,429,285.1,1.16,398
REQ-02842,2026-02-27 20:10:00,Auth Service,Production,Bangalore,PUT,201,73.1,1.09,249
REQ-02843,2026-06-02 15:34:00,Notification Service,Production,Mumbai,DELETE,200,218.1,3.12,394
REQ-02844,2026-06-25 11:13:00,Payment Service,Production,Pune,DELETE,200,283.6,1.65,233
REQ-02845,2026-02-04 19:41:00,API Gateway,Production,Hyderabad,GET,401,150.5,0.95,64
REQ-02846,2026-03-18 13:41:00,Payment Service,Production,Pune,GET,401,439.9,0.41,335
REQ-02847,2026-06-25 10:17:00,Auth Service,Production,Hyderabad,GET,200,194.4,1.25,160
REQ-02848,2026-01-21 13:01:00,User Service,Production,Bangalore,GET,200,106.3,1.92,439
REQ-02849,2026-01-14 21:30:00,Payment Service,Production,Pune,DELETE,200,208.1,3.88,358
REQ-02850,2026-01-30 10:09:00,Auth Service,Production,Bangalore,PUT,200,148.1,1.06,476
REQ-02851,2026-05-03 12:05:00,Auth Service,Staging,Hyderabad,GET,404,181.3,2.16,459
REQ-02852,2026-05-04 12:11:00,Notification Service,Production,Mumbai,POST,200,307.9,0.13,32
REQ-02853,2026-06-07 23:42:00,Payment Service,Staging,Hyderabad,POST,200,122.5,3.13,253
REQ-02854,2026-06-02 08:46:00,User Service,Production,Pune,GET,502,243.1,1.13,388
REQ-02855,2026-03-28 15:58:00,Auth Service,Production,Mumbai,GET,200,157.0,0.89,369
REQ-02856,2026-01-22 19:23:00,Auth Service,Production,Hyderabad,GET,500,305.6,0.47,32
REQ-02857,2026-01-01 11:54:00,User Service,Production,Mumbai,POST,200,223.4,1.23,256
REQ-02858,2026-04-09 19:27:00,User Service,Production,Bangalore,DELETE,200,274.4,2.48,427
REQ-02859,2026-02-17 09:40:00,Payment Service,Production,Pune,POST,201,317.0,2.42,127
REQ-02860,2026-04-10 19:36:00,API Gateway,Staging,Pune,POST,502,281.4,0.37,201
REQ-02861,2026-04-16 11:57:00,Auth Service,Production,Mumbai,GET,200,156.9,2.69,373
REQ-02862,2026-03-11 10:16:00,Notification Service,Staging,Pune,POST,500,401.9,0.71,118
REQ-02863,2026-04-02 06:39:00,API Gateway,Production,Hyderabad,POST,201,143.0,1.49,211
REQ-02864,2026-05-15 10:49:00,User Service,Production,Bangalore,GET,200,192.6,1.12,53
REQ-02865,2026-02-27 08:10:00,Auth Service,Production,Mumbai,GET,200,85.0,2.48,44
REQ-02866,2026-05-09 16:43:00,User Service,Production,Bangalore,GET,401,289.7,1.32,311
REQ-02867,2026-02-01 21:33:00,Payment Service,Staging,Pune,POST,502,551.2,0.41,370
REQ-02868,2026-01-22 17:37:00,User Service,Production,Pune,PUT,404,183.6,2.59,254
REQ-02869,2026-02-22 05:11:00,Notification Service,Staging,Mumbai,POST,200,258.9,3.71,128
REQ-02870,2026-03-16 21:58:00,API Gateway,Production,Hyderabad,POST,429,128.3,2.93,85
REQ-02871,2026-04-07 22:25:00,Auth Service,Production,Mumbai,DELETE,200,164.0,3.76,294
REQ-02872,2026-05-17 03:15:00,User Service,Staging,Pune,GET,429,224.8,0.55,239
REQ-02873,2026-06-25 04:59:00,Payment Service,Production,Pune,GET,200,281.0,3.52,163
REQ-02874,2026-05-04 10:14:00,Payment Service,Production,Mumbai,PUT,500,480.4,1.16,472
REQ-02875,2026-03-03 06:15:00,Auth Service,Staging,Pune,GET,500,119.2,3.4,53
REQ-02876,2026-03-04 15:56:00,Payment Service,Production,Hyderabad,PUT,400,267.9,1.07,435
REQ-02877,2026-04-03 04:12:00,API Gateway,Production,Bangalore,POST,200,207.2,0.28,264
REQ-02878,2026-03-19 22:25:00,User Service,Production,Pune,POST,201,247.5,0.43,369
REQ-02879,2026-05-24 19:49:00,Auth Service,Production,Hyderabad,POST,502,225.0,2.95,37
REQ-02880,2026-02-03 02:46:00,Notification Service,Production,Pune,GET,200,140.0,1.69,266
REQ-02881,2026-05-15 12:44:00,API Gateway,Production,Mumbai,PUT,200,212.9,3.47,225
REQ-02882,2026-04-25 14:45:00,API Gateway,Production,Hyderabad,POST,201,204.3,3.81,294
REQ-02883,2026-05-29 18:55:00,Notification Service,Production,Mumbai,POST,400,274.5,1.22,351
REQ-02884,2026-02-23 10:40:00,API Gateway,Production,Bangalore,POST,200,152.7,0.13,134
REQ-02885,2026-04-14 19:57:00,API Gateway,Production,Mumbai,POST,201,154.1,2.68,489
REQ-02886,2026-06-08 13:24:00,API Gateway,Production,Bangalore,POST,200,121.4,0.42,444
REQ-02887,2026-03-08 04:44:00,Auth Service,Production,Mumbai,GET,200,185.0,2.85,89
REQ-02888,2026-03-20 15:26:00,Payment Service,Production,Mumbai,PUT,200,264.3,3.31,54
REQ-02889,2026-05-23 04:07:00,API Gateway,Production,Hyderabad,PUT,200,142.5,2.31,16
REQ-02890,2026-01-01 18:23:00,API Gateway,Production,Hyderabad,PUT,200,159.0,0.21,365
REQ-02891,2026-06-26 08:12:00,Notification Service,Production,Hyderabad,POST,200,228.3,2.05,118
REQ-02892,2026-02-12 01:36:00,Payment Service,Production,Bangalore,POST,201,393.3,1.29,220
REQ-02893,2026-06-02 15:00:00,API Gateway,Production,Pune,PUT,200,117.2,2.1,105
REQ-02894,2026-03-09 02:36:00,API Gateway,Staging,Hyderabad,GET,200,209.6,0.46,408
REQ-02895,2026-03-16 19:29:00,Payment Service,Staging,Bangalore,GET,200,350.0,1.64,431
REQ-02896,2026-02-11 10:31:00,User Service,Production,Hyderabad,POST,429,190.7,1.88,198
REQ-02897,2026-03-21 14:10:00,User Service,Production,Hyderabad,POST,400,148.4,2.61,376
REQ-02898,2026-01-07 16:27:00,Auth Service,Production,Bangalore,POST,200,165.8,3.0,244
REQ-02899,2026-02-19 06:43:00,Notification Service,Production,Mumbai,GET,200,217.1,3.89,7
REQ-02900,2026-05-13 18:35:00,API Gateway,Staging,Pune,POST,500,276.0,0.36,366
REQ-02901,2026-04-21 23:47:00,API Gateway,Production,Bangalore,POST,400,152.5,3.15,309
REQ-02902,2026-04-16 05:09:00,Payment Service,Production,Mumbai,DELETE,200,331.0,0.26,477
REQ-02903,2026-02-16 03:16:00,Payment Service,Staging,Pune,DELETE,502,583.0,2.53,218
REQ-02904,2026-01-04 16:02:00,API Gateway,Production,Pune,GET,201,139.9,0.95,251
REQ-02905,2026-02-03 09:08:00,Notification Service,Production,Hyderabad,POST,400,241.6,1.72,139
REQ-02906,2026-01-12 16:20:00,API Gateway,Production,Mumbai,POST,200,219.6,1.97,43
REQ-02907,2026-01-26 08:17:00,Auth Service,Production,Mumbai,GET,200,147.8,1.48,153
REQ-02908,2026-06-14 08:09:00,Payment Service,Production,Bangalore,GET,200,331.2,0.51,310
REQ-02909,2026-04-03 23:14:00,API Gateway,Production,Bangalore,GET,200,243.4,1.11,424
REQ-02910,2026-04-04 04:31:00,Auth Service,Production,Pune,GET,200,151.9,3.21,273
REQ-02911,2026-03-09 11:56:00,Notification Service,Production,Bangalore,GET,200,269.2,0.64,92
REQ-02912,2026-02-01 16:00:00,Payment Service,Production,Mumbai,GET,200,202.4,3.74,436
REQ-02913,2026-02-10 08:01:00,Notification Service,Staging,Mumbai,POST,201,204.9,3.87,244
REQ-02914,2026-04-04 21:30:00,Notification Service,Production,Pune,PUT,200,241.9,3.66,358
REQ-02915,2026-04-05 05:40:00,API Gateway,Staging,Mumbai,GET,201,83.9,0.63,116
REQ-02916,2026-05-13 21:53:00,Notification Service,Production,Pune,POST,200,251.2,3.55,147
REQ-02917,2026-04-14 06:15:00,Payment Service,Production,Hyderabad,POST,404,367.9,3.21,273
REQ-02918,2026-04-06 10:56:00,API Gateway,Production,Mumbai,POST,200,185.7,0.97,332
REQ-02919,2026-03-08 07:44:00,Notification Service,Production,Hyderabad,DELETE,502,363.2,1.73,247
REQ-02920,2026-06-24 23:39:00,Auth Service,Staging,Pune,POST,201,120.0,2.24,314
REQ-02921,2026-05-31 10:53:00,Auth Service,Production,Bangalore,DELETE,200,180.4,2.71,306
REQ-02922,2026-05-29 20:33:00,Notification Service,Production,Mumbai,GET,200,137.3,1.98,166
REQ-02923,2026-02-11 06:30:00,API Gateway,Production,Pune,POST,401,134.5,1.24,164
REQ-02924,2026-05-24 00:16:00,Auth Service,Production,Mumbai,GET,200,144.2,3.01,187
REQ-02925,2026-03-07 06:19:00,Notification Service,Production,Mumbai,POST,200,343.8,3.88,491
REQ-02926,2026-03-12 16:50:00,Auth Service,Production,Mumbai,POST,429,149.8,1.82,280
REQ-02927,2026-01-13 12:30:00,User Service,Production,Mumbai,GET,404,143.5,2.36,198
REQ-02928,2026-01-22 02:17:00,Payment Service,Production,Pune,GET,200,370.1,2.0,13
REQ-02929,2026-01-14 12:51:00,API Gateway,Staging,Bangalore,DELETE,200,216.9,3.25,375
REQ-02930,2026-05-26 19:04:00,API Gateway,Production,Pune,GET,200,279.0,3.38,199
REQ-02931,2026-04-13 01:37:00,Payment Service,Staging,Pune,POST,200,410.3,0.44,468
REQ-02932,2026-01-12 05:11:00,Payment Service,Staging,Pune,PUT,502,683.4,3.87,445
REQ-02933,2026-06-05 01:51:00,Auth Service,Production,Bangalore,GET,502,358.1,2.02,104
REQ-02934,2026-05-28 18:09:00,Payment Service,Production,Mumbai,PUT,200,283.0,0.11,132
REQ-02935,2026-05-08 15:55:00,Payment Service,Production,Hyderabad,PUT,502,1092.4,2.34,35
REQ-02936,2026-02-22 19:14:00,Notification Service,Production,Pune,POST,503,356.5,0.29,374
REQ-02937,2026-04-27 05:08:00,API Gateway,Production,Pune,PUT,500,236.9,2.04,487
REQ-02938,2026-04-03 02:02:00,API Gateway,Production,Mumbai,PUT,200,210.9,1.95,49
REQ-02939,2026-04-11 18:58:00,API Gateway,Production,Mumbai,POST,502,243.1,1.68,208
REQ-02940,2026-02-17 20:39:00,API Gateway,Staging,Bangalore,GET,200,248.6,0.98,297
REQ-02941,2026-01-23 23:29:00,User Service,Production,Hyderabad,GET,502,401.1,0.9,48
REQ-02942,2026-05-21 22:20:00,API Gateway,Production,Hyderabad,GET,401,133.5,3.49,18
REQ-02943,2026-05-01 10:19:00,Payment Service,Production,Mumbai,GET,502,827.3,3.16,183
REQ-02944,2026-02-12 00:41:00,Payment Service,Staging,Mumbai,PUT,201,292.6,2.86,261
REQ-02945,2026-05-07 06:59:00,API Gateway,Production,Mumbai,GET,401,158.1,3.94,20
REQ-02946,2026-06-12 13:34:00,User Service,Staging,Hyderabad,GET,201,307.5,2.17,36
REQ-02947,2026-06-15 12:23:00,Payment Service,Production,Pune,POST,429,389.5,1.53,459
REQ-02948,2026-05-15 09:37:00,Auth Service,Production,Hyderabad,POST,200,170.5,1.66,272
REQ-02949,2026-05-29 09:25:00,Notification Service,Production,Bangalore,GET,401,355.7,0.47,16
REQ-02950,2026-01-16 11:53:00,Payment Service,Production,Mumbai,DELETE,200,204.5,3.45,52
REQ-02951,2026-03-11 20:24:00,Notification Service,Production,Bangalore,GET,200,330.5,2.59,406
REQ-02952,2026-03-01 04:30:00,User Service,Staging,Bangalore,POST,200,127.8,1.86,60
REQ-02953,2026-06-01 21:21:00,API Gateway,Staging,Hyderabad,GET,200,187.8,0.92,336
REQ-02954,2026-04-14 11:37:00,Payment Service,Production,Bangalore,GET,200,259.0,1.54,223
REQ-02955,2026-03-22 03:54:00,User Service,Production,Pune,POST,429,228.3,1.25,317
REQ-02956,2026-06-04 17:35:00,Payment Service,Staging,Bangalore,GET,503,732.7,1.19,337
REQ-02957,2026-06-07 23:35:00,API Gateway,Production,Bangalore,PUT,201,202.5,1.42,357
REQ-02958,2026-01-21 11:23:00,User Service,Production,Pune,PUT,200,116.3,2.23,145
REQ-02959,2026-06-15 02:12:00,Payment Service,Staging,Pune,PUT,200,348.5,0.67,436
REQ-02960,2026-06-15 21:46:00,Notification Service,Production,Bangalore,GET,201,230.6,0.82,463
REQ-02961,2026-03-23 10:58:00,Auth Service,Production,Bangalore,POST,200,106.0,3.26,369
REQ-02962,2026-03-29 05:13:00,User Service,Production,Bangalore,GET,200,279.1,2.24,137
REQ-02963,2026-04-13 13:21:00,Payment Service,Staging,Bangalore,POST,200,332.3,3.81,247
REQ-02964,2026-03-02 20:57:00,Notification Service,Production,Mumbai,POST,201,215.8,3.47,53
REQ-02965,2026-02-14 03:54:00,Payment Service,Staging,Bangalore,POST,429,349.6,1.22,333
REQ-02966,2026-03-20 09:51:00,API Gateway,Production,Bangalore,GET,200,135.2,0.14,25
REQ-02967,2026-02-02 00:52:00,Auth Service,Production,Pune,PUT,400,171.3,2.12,400
REQ-02968,2026-05-11 15:33:00,API Gateway,Production,Pune,GET,400,173.8,3.02,28
REQ-02969,2026-06-25 00:28:00,Payment Service,Production,Pune,DELETE,401,230.7,3.97,125
REQ-02970,2026-06-23 09:08:00,Auth Service,Production,Bangalore,POST,200,156.3,1.64,490
REQ-02971,2026-03-29 15:45:00,User Service,Staging,Bangalore,POST,200,278.2,3.13,22
REQ-02972,2026-02-27 18:16:00,Notification Service,Staging,Bangalore,POST,200,145.5,0.66,242
REQ-02973,2026-03-30 13:50:00,User Service,Production,Mumbai,DELETE,503,141.3,2.01,11
REQ-02974,2026-06-17 01:35:00,User Service,Production,Pune,GET,503,367.6,2.08,205
REQ-02975,2026-02-15 08:43:00,Auth Service,Production,Bangalore,GET,200,133.0,3.59,184
REQ-02976,2026-03-05 08:51:00,Auth Service,Production,Bangalore,GET,429,101.6,3.09,309
REQ-02977,2026-02-16 00:03:00,Notification Service,Production,Pune,GET,400,207.3,0.82,476
REQ-02978,2026-06-09 06:35:00,Notification Service,Staging,Bangalore,GET,502,130.5,0.95,117
REQ-02979,2026-03-20 11:51:00,User Service,Production,Hyderabad,GET,200,152.7,1.14,282
REQ-02980,2026-01-04 02:13:00,API Gateway,Production,Pune,GET,200,308.6,0.45,288
REQ-02981,2026-06-11 11:09:00,API Gateway,Production,Hyderabad,GET,404,207.0,1.88,171
REQ-02982,2026-01-09 03:06:00,User Service,Staging,Bangalore,PUT,200,317.5,3.3,465
REQ-02983,2026-01-07 04:02:00,User Service,Production,Bangalore,GET,429,189.5,2.91,50
REQ-02984,2026-02-06 11:32:00,User Service,Production,Pune,DELETE,200,309.0,3.99,424
REQ-02985,2026-04-10 21:28:00,API Gateway,Staging,Mumbai,GET,200,126.8,1.31,399
REQ-02986,2026-06-19 20:53:00,Auth Service,Production,Bangalore,POST,200,143.8,2.96,76
REQ-02987,2026-02-01 17:16:00,Auth Service,Production,Mumbai,GET,200,101.5,3.33,90
REQ-02988,2026-03-06 20:26:00,User Service,Staging,Hyderabad,GET,404,191.9,3.47,43
REQ-02989,2026-05-20 23:38:00,User Service,Production,Hyderabad,GET,200,159.3,3.61,254
REQ-02990,2026-06-22 22:19:00,User Service,Production,Bangalore,POST,429,166.5,0.86,108
REQ-02991,2026-05-28 14:12:00,Payment Service,Production,Mumbai,GET,200,305.8,3.8,413
REQ-02992,2026-04-20 06:06:00,Notification Service,Production,Bangalore,PUT,200,202.5,3.25,497
REQ-02993,2026-03-19 04:58:00,Payment Service,Staging,Bangalore,GET,429,333.4,1.55,352
REQ-02994,2026-02-10 14:35:00,User Service,Production,Hyderabad,GET,200,173.6,1.64,23
REQ-02995,2026-03-23 22:33:00,Payment Service,Production,Hyderabad,POST,200,397.4,1.57,266
REQ-02996,2026-06-22 16:22:00,Payment Service,Production,Pune,PUT,400,220.9,1.22,188
REQ-02997,2026-03-17 14:49:00,User Service,Production,Hyderabad,GET,502,330.2,0.63,483
REQ-02998,2026-06-07 07:19:00,Payment Service,Production,Mumbai,POST,201,427.4,0.73,492
REQ-02999,2026-02-07 22:17:00,API Gateway,Production,Pune,POST,200,177.7,2.96,497
REQ-03000,2026-02-02 19:56:00,Auth Service,Production,Pune,POST,502,232.5,3.07,341
